{
    "TipoOrigenDatos": "SQLite Table",
    "FechaUltimaModificacion": 1646769299490,
    "ColorFondoPanelItemsImpares": "#FFFFFF",
    "ParametrosJRDC": "null",
    "ColorTextoPanelInfo": "#000000",
    "IpJRDC": "",
    "AnchoBordeItems": 0,
    "ColorFondoEncabezados": "#004B55",
    "ColorFondoPanelItemsPares": "#F1F1F1",
    "ComandoJRDC": "",
    "ColorTextoEncabezados": "#FFFFFF",
    "ColorFondoPanelInfo": "#FFF8C3",
    "Items": [
        {
            "TipoDato": "TEXT",
            "EsBooleano": false,
            "AliasCampo": "OSUB",
            "ConValorDefecto": false,
            "KeyID": "1",
            "ValorDefecto": "",
            "ValorTrueCampoBooleano": "",
            "TipoControlFiltro": "TextField",
            "NoNulo": false,
            "Campo": "OSUB",
            "CampoCalculado": false,
            "EsFecha": false,
            "ID": "0"
        },
        {
            "TipoDato": "REAL",
            "EsBooleano": false,
            "AliasCampo": "FechaOSUB",
            "ConValorDefecto": false,
            "KeyID": "0",
            "ValorDefecto": "",
            "ValorTrueCampoBooleano": "",
            "TipoControlFiltro": "TextFieldBtn",
            "NoNulo": false,
            "Campo": "FechaOSUB",
            "CampoCalculado": false,
            "EsFecha": true,
            "ID": "1"
        },
        {
            "TipoDato": "TEXT",
            "EsBooleano": false,
            "AliasCampo": "Proveedor",
            "ConValorDefecto": false,
            "KeyID": "0",
            "ValorDefecto": "",
            "ValorTrueCampoBooleano": "",
            "TipoControlFiltro": "TextField",
            "NoNulo": false,
            "Campo": "Proveedor",
            "CampoCalculado": false,
            "EsFecha": false,
            "ID": "2"
        },
        {
            "TipoDato": "TEXT",
            "EsBooleano": false,
            "AliasCampo": "NombreProveedor",
            "ConValorDefecto": false,
            "KeyID": "0",
            "ValorDefecto": "",
            "ValorTrueCampoBooleano": "",
            "TipoControlFiltro": "ComboBox",
            "NoNulo": false,
            "Campo": "NombreProveedor",
            "CampoCalculado": false,
            "EsFecha": false,
            "ID": "3"
        },
        {
            "TipoDato": "TEXT",
            "EsBooleano": false,
            "AliasCampo": "Articulo",
            "ConValorDefecto": false,
            "KeyID": "0",
            "ValorDefecto": "",
            "ValorTrueCampoBooleano": "",
            "TipoControlFiltro": "TextField",
            "NoNulo": false,
            "Campo": "Articulo",
            "CampoCalculado": false,
            "EsFecha": false,
            "ID": "4"
        },
        {
            "TipoDato": "TEXT",
            "EsBooleano": false,
            "AliasCampo": "Descripcion",
            "ConValorDefecto": false,
            "KeyID": "0",
            "ValorDefecto": "",
            "ValorTrueCampoBooleano": "",
            "TipoControlFiltro": "TextField",
            "NoNulo": false,
            "Campo": "Descripcion",
            "CampoCalculado": false,
            "EsFecha": false,
            "ID": "5"
        },
        {
            "TipoDato": "TEXT",
            "EsBooleano": false,
            "AliasCampo": "RutaOF",
            "ConValorDefecto": false,
            "KeyID": "0",
            "ValorDefecto": "",
            "ValorTrueCampoBooleano": "",
            "TipoControlFiltro": "ComboBox",
            "NoNulo": false,
            "Campo": "RutaOF",
            "CampoCalculado": false,
            "EsFecha": false,
            "ID": "6"
        },
        {
            "TipoDato": "REAL",
            "EsBooleano": false,
            "AliasCampo": "QtyPte",
            "ConValorDefecto": false,
            "KeyID": "0",
            "ValorDefecto": "",
            "ValorTrueCampoBooleano": "",
            "TipoControlFiltro": "TextField",
            "NoNulo": false,
            "Campo": "QtyPte",
            "CampoCalculado": false,
            "EsFecha": false,
            "ID": "7"
        },
        {
            "TipoDato": "INTEGER",
            "EsBooleano": true,
            "AliasCampo": "TransfComp",
            "ConValorDefecto": false,
            "KeyID": "0",
            "ValorDefecto": "",
            "ValorTrueCampoBooleano": "1",
            "TipoControlFiltro": "CheckBox",
            "NoNulo": false,
            "Campo": "TransfComp",
            "CampoCalculado": false,
            "EsFecha": false,
            "ID": "8"
        },
        {
            "TipoDato": "INTEGER",
            "EsBooleano": true,
            "AliasCampo": "FinalizaProducto",
            "ConValorDefecto": false,
            "KeyID": "0",
            "ValorDefecto": "",
            "ValorTrueCampoBooleano": "1",
            "TipoControlFiltro": "CheckBox",
            "NoNulo": false,
            "Campo": "FinalizaProducto",
            "CampoCalculado": false,
            "EsFecha": false,
            "ID": "9"
        },
        {
            "TipoDato": "INTEGER",
            "EsBooleano": false,
            "AliasCampo": "IDFase",
            "ConValorDefecto": false,
            "KeyID": "0",
            "ValorDefecto": "",
            "ValorTrueCampoBooleano": "",
            "TipoControlFiltro": "",
            "NoNulo": false,
            "Campo": "IDFase",
            "CampoCalculado": false,
            "EsFecha": false,
            "ID": "10"
        },
        {
            "TipoDato": "TEXT",
            "EsBooleano": false,
            "AliasCampo": "AreaFase",
            "ConValorDefecto": false,
            "KeyID": "0",
            "ValorDefecto": "",
            "ValorTrueCampoBooleano": "",
            "TipoControlFiltro": "ComboBox",
            "NoNulo": false,
            "Campo": "AreaFase",
            "CampoCalculado": false,
            "EsFecha": false,
            "ID": "11"
        },
        {
            "TipoDato": "TEXT",
            "EsBooleano": false,
            "AliasCampo": "Fase",
            "ConValorDefecto": false,
            "KeyID": "0",
            "ValorDefecto": "",
            "ValorTrueCampoBooleano": "",
            "TipoControlFiltro": "ComboBox",
            "NoNulo": false,
            "Campo": "Fase",
            "CampoCalculado": false,
            "EsFecha": false,
            "ID": "12"
        },
        {
            "TipoDato": "REAL",
            "EsBooleano": false,
            "AliasCampo": "FechaFase",
            "ConValorDefecto": false,
            "KeyID": "0",
            "ValorDefecto": "",
            "ValorTrueCampoBooleano": "",
            "TipoControlFiltro": "TextFieldBtn",
            "NoNulo": false,
            "Campo": "FechaFase",
            "CampoCalculado": false,
            "EsFecha": true,
            "ID": "13"
        },
        {
            "TipoDato": "INTEGER",
            "EsBooleano": false,
            "AliasCampo": "IDResponsableFase",
            "ConValorDefecto": false,
            "KeyID": "0",
            "ValorDefecto": "",
            "ValorTrueCampoBooleano": "",
            "TipoControlFiltro": "",
            "NoNulo": false,
            "Campo": "IDResponsableFase",
            "CampoCalculado": false,
            "EsFecha": false,
            "ID": "14"
        },
        {
            "TipoDato": "TEXT",
            "EsBooleano": false,
            "AliasCampo": "ResponsableFase",
            "ConValorDefecto": false,
            "KeyID": "0",
            "ValorDefecto": "",
            "ValorTrueCampoBooleano": "",
            "TipoControlFiltro": "TextField",
            "NoNulo": false,
            "Campo": "ResponsableFase",
            "CampoCalculado": false,
            "EsFecha": false,
            "ID": "15"
        },
        {
            "TipoDato": "INTEGER",
            "EsBooleano": false,
            "AliasCampo": "IDInfoAdicionalFase",
            "ConValorDefecto": false,
            "KeyID": "0",
            "ValorDefecto": "",
            "ValorTrueCampoBooleano": "",
            "TipoControlFiltro": "",
            "NoNulo": false,
            "Campo": "IDInfoAdicionalFase",
            "CampoCalculado": false,
            "EsFecha": false,
            "ID": "16"
        },
        {
            "TipoDato": "TEXT",
            "EsBooleano": false,
            "AliasCampo": "InfoAdicionalFase",
            "ConValorDefecto": false,
            "KeyID": "0",
            "ValorDefecto": "",
            "ValorTrueCampoBooleano": "",
            "TipoControlFiltro": "TextField",
            "NoNulo": false,
            "Campo": "InfoAdicionalFase",
            "CampoCalculado": false,
            "EsFecha": false,
            "ID": "17"
        },
        {
            "TipoDato": "TEXT",
            "EsBooleano": false,
            "AliasCampo": "Observaciones",
            "ConValorDefecto": false,
            "KeyID": "0",
            "ValorDefecto": "",
            "ValorTrueCampoBooleano": "",
            "TipoControlFiltro": "TextField",
            "NoNulo": false,
            "Campo": "Observaciones",
            "CampoCalculado": false,
            "EsFecha": false,
            "ID": "18"
        },
        {
            "TipoDato": "INTEGER",
            "EsBooleano": false,
            "AliasCampo": "PrioridadVentas",
            "ConValorDefecto": false,
            "KeyID": "0",
            "ValorDefecto": "",
            "ValorTrueCampoBooleano": "",
            "TipoControlFiltro": "",
            "NoNulo": false,
            "Campo": "PrioridadVentas",
            "CampoCalculado": false,
            "EsFecha": false,
            "ID": "19"
        },
        {
            "TipoDato": "TEXT",
            "EsBooleano": false,
            "AliasCampo": "NombrePrioridadVentas",
            "ConValorDefecto": false,
            "KeyID": "0",
            "ValorDefecto": "",
            "ValorTrueCampoBooleano": "",
            "TipoControlFiltro": "ComboBox",
            "NoNulo": false,
            "Campo": "NombrePrioridadVentas",
            "CampoCalculado": false,
            "EsFecha": false,
            "ID": "20"
        },
        {
            "TipoDato": "REAL",
            "EsBooleano": false,
            "AliasCampo": "FechaRequeridaVentas",
            "ConValorDefecto": false,
            "KeyID": "0",
            "ValorDefecto": "",
            "ValorTrueCampoBooleano": "",
            "TipoControlFiltro": "TextFieldBtn",
            "NoNulo": false,
            "Campo": "FechaRequeridaVentas",
            "CampoCalculado": false,
            "EsFecha": true,
            "ID": "21"
        },
        {
            "TipoDato": "TEXT",
            "EsBooleano": false,
            "AliasCampo": "Cliente",
            "ConValorDefecto": false,
            "KeyID": "0",
            "ValorDefecto": "",
            "ValorTrueCampoBooleano": "",
            "TipoControlFiltro": "TextField",
            "NoNulo": false,
            "Campo": "Cliente",
            "CampoCalculado": false,
            "EsFecha": false,
            "ID": "22"
        },
        {
            "TipoDato": "TEXT",
            "EsBooleano": false,
            "AliasCampo": "NombreCliente",
            "ConValorDefecto": false,
            "KeyID": "0",
            "ValorDefecto": "",
            "ValorTrueCampoBooleano": "",
            "TipoControlFiltro": "TextField",
            "NoNulo": false,
            "Campo": "NombreCliente",
            "CampoCalculado": false,
            "EsFecha": false,
            "ID": "23"
        },
        {
            "TipoDato": "TEXT",
            "EsBooleano": false,
            "AliasCampo": "ResponsableCuenta",
            "ConValorDefecto": false,
            "KeyID": "0",
            "ValorDefecto": "",
            "ValorTrueCampoBooleano": "",
            "TipoControlFiltro": "ComboBox",
            "NoNulo": false,
            "Campo": "ResponsableCuenta",
            "CampoCalculado": false,
            "EsFecha": false,
            "ID": "24"
        }
    ],
    "PuertoJRDC": "",
    "ColorBordeItems": "#808080"
}