{
    "TipoOrigenDatos": "SQLite Table",
    "FechaUltimaModificacion": 1644267968818,
    "ColorFondoPanelItemsImpares": "#FFFFFF",
    "ParametrosJRDC": "null",
    "ColorTextoPanelInfo": "#000000",
    "IpJRDC": "",
    "AnchoBordeItems": 0,
    "ColorFondoEncabezados": "#004B55",
    "ColorFondoPanelItemsPares": "#F1F1F1",
    "ComandoJRDC": "",
    "ColorTextoEncabezados": "#FFFFFF",
    "ColorFondoPanelInfo": "#FFF8C3",
    "Items": [
        {
            "TipoDato": "TEXT",
            "EsBooleano": false,
            "AliasCampo": "Pedido",
            "ConValorDefecto": false,
            "KeyID": "1",
            "ValorDefecto": "",
            "ValorTrueCampoBooleano": "",
            "TipoControlFiltro": "TextField",
            "NoNulo": false,
            "Campo": "Pedido",
            "CampoCalculado": false,
            "EsFecha": false,
            "ID": "0"
        },
        {
            "TipoDato": "TEXT",
            "EsBooleano": false,
            "AliasCampo": "Proveedor",
            "ConValorDefecto": false,
            "KeyID": "3",
            "ValorDefecto": "",
            "ValorTrueCampoBooleano": "",
            "TipoControlFiltro": "TextField",
            "NoNulo": false,
            "Campo": "Proveedor",
            "CampoCalculado": false,
            "EsFecha": false,
            "ID": "1"
        },
        {
            "TipoDato": "TEXT",
            "EsBooleano": false,
            "AliasCampo": "NombreProveedor",
            "ConValorDefecto": false,
            "KeyID": "0",
            "ValorDefecto": "",
            "ValorTrueCampoBooleano": "",
            "TipoControlFiltro": "TextField",
            "NoNulo": false,
            "Campo": "NombreProveedor",
            "CampoCalculado": false,
            "EsFecha": false,
            "ID": "2"
        },
        {
            "TipoDato": "REAL",
            "EsBooleano": false,
            "AliasCampo": "FechaPedido",
            "ConValorDefecto": false,
            "KeyID": "0",
            "ValorDefecto": "",
            "ValorTrueCampoBooleano": "",
            "TipoControlFiltro": "TextFieldBtn",
            "NoNulo": false,
            "Campo": "FechaPedido",
            "CampoCalculado": false,
            "EsFecha": true,
            "ID": "3"
        },
        {
            "TipoDato": "TEXT",
            "EsBooleano": false,
            "AliasCampo": "VPG",
            "ConValorDefecto": false,
            "KeyID": "0",
            "ValorDefecto": "",
            "ValorTrueCampoBooleano": "",
            "TipoControlFiltro": "ComboBox",
            "NoNulo": false,
            "Campo": "VPG",
            "CampoCalculado": false,
            "EsFecha": false,
            "ID": "4"
        },
        {
            "TipoDato": "INTEGER",
            "EsBooleano": false,
            "AliasCampo": "Linea",
            "ConValorDefecto": false,
            "KeyID": "2",
            "ValorDefecto": "",
            "ValorTrueCampoBooleano": "",
            "TipoControlFiltro": "TextField",
            "NoNulo": false,
            "Campo": "Linea",
            "CampoCalculado": false,
            "EsFecha": false,
            "ID": "5"
        },
        {
            "TipoDato": "TEXT",
            "EsBooleano": false,
            "AliasCampo": "Articulo",
            "ConValorDefecto": false,
            "KeyID": "4",
            "ValorDefecto": "",
            "ValorTrueCampoBooleano": "",
            "TipoControlFiltro": "TextField",
            "NoNulo": false,
            "Campo": "Articulo",
            "CampoCalculado": false,
            "EsFecha": false,
            "ID": "6"
        },
        {
            "TipoDato": "TEXT",
            "EsBooleano": false,
            "AliasCampo": "DescripcionArticulo",
            "ConValorDefecto": false,
            "KeyID": "0",
            "ValorDefecto": "",
            "ValorTrueCampoBooleano": "",
            "TipoControlFiltro": "TextField",
            "NoNulo": false,
            "Campo": "DescripcionArticulo",
            "CampoCalculado": false,
            "EsFecha": false,
            "ID": "7"
        },
        {
            "TipoDato": "TEXT",
            "EsBooleano": false,
            "AliasCampo": "Talla",
            "ConValorDefecto": false,
            "KeyID": "5",
            "ValorDefecto": "",
            "ValorTrueCampoBooleano": "",
            "TipoControlFiltro": "TextField",
            "NoNulo": false,
            "Campo": "Talla",
            "CampoCalculado": false,
            "EsFecha": false,
            "ID": "8"
        },
        {
            "TipoDato": "REAL",
            "EsBooleano": false,
            "AliasCampo": "Qty",
            "ConValorDefecto": false,
            "KeyID": "0",
            "ValorDefecto": "",
            "ValorTrueCampoBooleano": "",
            "TipoControlFiltro": "TextField",
            "NoNulo": false,
            "Campo": "Qty",
            "CampoCalculado": false,
            "EsFecha": false,
            "ID": "9"
        },
        {
            "TipoDato": "REAL",
            "EsBooleano": false,
            "AliasCampo": "QtyRecibida",
            "ConValorDefecto": false,
            "KeyID": "0",
            "ValorDefecto": "",
            "ValorTrueCampoBooleano": "",
            "TipoControlFiltro": "TextField",
            "NoNulo": false,
            "Campo": "QtyRecibida",
            "CampoCalculado": false,
            "EsFecha": false,
            "ID": "10"
        },
        {
            "TipoDato": "REAL",
            "EsBooleano": false,
            "AliasCampo": "QtyPendiente",
            "ConValorDefecto": false,
            "KeyID": "0",
            "ValorDefecto": "",
            "ValorTrueCampoBooleano": "",
            "TipoControlFiltro": "TextField",
            "NoNulo": false,
            "Campo": "QtyPendiente",
            "CampoCalculado": false,
            "EsFecha": false,
            "ID": "11"
        },
        {
            "TipoDato": "REAL",
            "EsBooleano": false,
            "AliasCampo": "RecPteRecep",
            "ConValorDefecto": false,
            "KeyID": "0",
            "ValorDefecto": "",
            "ValorTrueCampoBooleano": "",
            "TipoControlFiltro": "TextField",
            "NoNulo": false,
            "Campo": "RecPteRecep",
            "CampoCalculado": false,
            "EsFecha": false,
            "ID": "12"
        },
        {
            "TipoDato": "REAL",
            "EsBooleano": false,
            "AliasCampo": "FechaPrometida",
            "ConValorDefecto": false,
            "KeyID": "0",
            "ValorDefecto": "",
            "ValorTrueCampoBooleano": "",
            "TipoControlFiltro": "TextFieldBtn",
            "NoNulo": false,
            "Campo": "FechaPrometida",
            "CampoCalculado": false,
            "EsFecha": true,
            "ID": "13"
        },
        {
            "TipoDato": "REAL",
            "EsBooleano": false,
            "AliasCampo": "FechaPrometidaOriginal",
            "ConValorDefecto": false,
            "KeyID": "0",
            "ValorDefecto": "",
            "ValorTrueCampoBooleano": "",
            "TipoControlFiltro": "TextFieldBtn",
            "NoNulo": false,
            "Campo": "FechaPrometidaOriginal",
            "CampoCalculado": false,
            "EsFecha": true,
            "ID": "14"
        },
        {
            "TipoDato": "INTEGER",
            "EsBooleano": true,
            "AliasCampo": "FechaPrometidaOriginalModificada",
            "ConValorDefecto": false,
            "KeyID": "0",
            "ValorDefecto": "",
            "ValorTrueCampoBooleano": "1",
            "TipoControlFiltro": "CheckBox",
            "NoNulo": false,
            "Campo": "FechaPrometidaOriginalModificada",
            "CampoCalculado": false,
            "EsFecha": false,
            "ID": "15"
        },
        {
            "TipoDato": "INTEGER",
            "EsBooleano": true,
            "AliasCampo": "FechaPrometidaVencida",
            "ConValorDefecto": false,
            "KeyID": "0",
            "ValorDefecto": "",
            "ValorTrueCampoBooleano": "1",
            "TipoControlFiltro": "CheckBox",
            "NoNulo": false,
            "Campo": "FechaPrometidaVencida",
            "CampoCalculado": false,
            "EsFecha": false,
            "ID": "16"
        },
        {
            "TipoDato": "INTEGER",
            "EsBooleano": false,
            "AliasCampo": "DiasRespectoAPlazo",
            "ConValorDefecto": false,
            "KeyID": "0",
            "ValorDefecto": "",
            "ValorTrueCampoBooleano": "",
            "TipoControlFiltro": "TextField",
            "NoNulo": false,
            "Campo": "DiasRespectoAPlazo",
            "CampoCalculado": false,
            "EsFecha": false,
            "ID": "17"
        },
        {
            "TipoDato": "INTEGER",
            "EsBooleano": false,
            "AliasCampo": "DiasDesdePedido",
            "ConValorDefecto": false,
            "KeyID": "0",
            "ValorDefecto": "",
            "ValorTrueCampoBooleano": "",
            "TipoControlFiltro": "TextField",
            "NoNulo": false,
            "Campo": "DiasDesdePedido",
            "CampoCalculado": false,
            "EsFecha": false,
            "ID": "18"
        }
    ],
    "PuertoJRDC": "",
    "ColorBordeItems": "#808080"
}