{
    "TipoOrigenDatos": "SQLite Table",
    "FechaUltimaModificacion": 1662203796086,
    "ParametrosJRDC": "null",
    "ColorTextoPanelInfo": "#000000",
    "IpJRDC": "",
    "ColorFondoFilasImpares": "#FFFFFF",
    "ColorFondoEncabezados": "#BDB76B",
    "ComandoJRDC": "",
    "ColorTextoEncabezados": "#000000",
    "ColorFondoPanelInfo": "#FFF8C3",
    "ColorFondoFilasPares": "#F1F1F1",
    "Items": [
        {
            "TipoDato": "INTEGER",
            "EsBooleano": false,
            "ColumnaTableView": false,
            "ColorFondo": "transparent",
            "AnchoColumna": 100,
            "AliasCampo": "IDAnalisisTarifas",
            "ConValorDefecto": false,
            "KeyID": "1",
            "ValorDefecto": "",
            "ColorFondoEncabezadoColumna": "#BDB76B",
            "TipoControlFiltro": "",
            "NoNulo": false,
            "ColorTexto": "black",
            "EncabezadoColumna": "IDAnalisisTarifas",
            "ColorBorde": "#00BFFF",
            "CampoCalculado": false,
            "EsFecha": false,
            "ID": "0",
            "ColumnaOcultable": false,
            "TipoControlEdicion": "",
            "AnchoBorde": 1,
            "ColorTextoEncabezadoColumna": "#000000",
            "ValorTrueCampoBooleano": "",
            "OrdenColumna": "-1",
            "Campo": "IDAnalisisTarifas",
            "AlineacionColumna": "CENTER-LEFT",
            "ColorBordeCeldaSeleccionada": "#00BFFF"
        },
        {
            "TipoDato": "TEXT",
            "EsBooleano": false,
            "ColumnaTableView": true,
            "ColorFondo": "transparent",
            "AnchoColumna": 100,
            "AliasCampo": "Articulo",
            "ConValorDefecto": false,
            "KeyID": "2",
            "ValorDefecto": "",
            "ColorFondoEncabezadoColumna": "#BDB76B",
            "TipoControlFiltro": "TextField",
            "NoNulo": false,
            "ColorTexto": "black",
            "EncabezadoColumna": "Articulo",
            "ColorBorde": "#00BFFF",
            "CampoCalculado": false,
            "EsFecha": false,
            "ID": "1",
            "ColumnaOcultable": false,
            "TipoControlEdicion": "",
            "AnchoBorde": 1,
            "ColorTextoEncabezadoColumna": "#000000",
            "ValorTrueCampoBooleano": "",
            "OrdenColumna": "0",
            "Campo": "Articulo",
            "AlineacionColumna": "CENTER-LEFT",
            "ColorBordeCeldaSeleccionada": "#00BFFF"
        },
        {
            "TipoDato": "TEXT",
            "EsBooleano": false,
            "ColumnaTableView": true,
            "ColorFondo": "transparent",
            "AnchoColumna": 340,
            "AliasCampo": "DescripcionArticulo",
            "ConValorDefecto": false,
            "KeyID": "0",
            "ValorDefecto": "",
            "ColorFondoEncabezadoColumna": "#BDB76B",
            "TipoControlFiltro": "TextField",
            "NoNulo": false,
            "ColorTexto": "black",
            "EncabezadoColumna": "DescripcionArticulo",
            "ColorBorde": "#00BFFF",
            "CampoCalculado": false,
            "EsFecha": false,
            "ID": "2",
            "ColumnaOcultable": false,
            "TipoControlEdicion": "",
            "AnchoBorde": 1,
            "ColorTextoEncabezadoColumna": "#000000",
            "ValorTrueCampoBooleano": "",
            "OrdenColumna": "1",
            "Campo": "DescripcionArticulo",
            "AlineacionColumna": "CENTER-LEFT",
            "ColorBordeCeldaSeleccionada": "#00BFFF"
        },
        {
            "TipoDato": "TEXT",
            "EsBooleano": false,
            "ColumnaTableView": true,
            "ColorFondo": "transparent",
            "AnchoColumna": 100,
            "AliasCampo": "Proveedor",
            "ConValorDefecto": false,
            "KeyID": "3",
            "ValorDefecto": "",
            "ColorFondoEncabezadoColumna": "#BDB76B",
            "TipoControlFiltro": "TextField",
            "NoNulo": false,
            "ColorTexto": "black",
            "EncabezadoColumna": "Proveedor",
            "ColorBorde": "#00BFFF",
            "CampoCalculado": false,
            "EsFecha": false,
            "ID": "3",
            "ColumnaOcultable": false,
            "TipoControlEdicion": "",
            "AnchoBorde": 1,
            "ColorTextoEncabezadoColumna": "#000000",
            "ValorTrueCampoBooleano": "",
            "OrdenColumna": "2",
            "Campo": "Proveedor",
            "AlineacionColumna": "CENTER-LEFT",
            "ColorBordeCeldaSeleccionada": "#00BFFF"
        },
        {
            "TipoDato": "TEXT",
            "EsBooleano": false,
            "ColumnaTableView": true,
            "ColorFondo": "transparent",
            "AnchoColumna": 180,
            "AliasCampo": "NombreProveedor",
            "ConValorDefecto": false,
            "KeyID": "0",
            "ValorDefecto": "",
            "ColorFondoEncabezadoColumna": "#BDB76B",
            "TipoControlFiltro": "TextField",
            "NoNulo": false,
            "ColorTexto": "black",
            "EncabezadoColumna": "NombreProveedor",
            "ColorBorde": "#00BFFF",
            "CampoCalculado": false,
            "EsFecha": false,
            "ID": "4",
            "ColumnaOcultable": false,
            "TipoControlEdicion": "",
            "AnchoBorde": 1,
            "ColorTextoEncabezadoColumna": "#000000",
            "ValorTrueCampoBooleano": "",
            "OrdenColumna": "3",
            "Campo": "NombreProveedor",
            "AlineacionColumna": "CENTER-LEFT",
            "ColorBordeCeldaSeleccionada": "#00BFFF"
        },
        {
            "TipoDato": "TEXT",
            "EsBooleano": false,
            "ColumnaTableView": true,
            "ColorFondo": "transparent",
            "AnchoColumna": 100,
            "AliasCampo": "TipoPrecioCompraUsuarioNAV",
            "ConValorDefecto": false,
            "KeyID": "0",
            "ValorDefecto": "",
            "ColorFondoEncabezadoColumna": "#BDB76B",
            "TipoControlFiltro": "ComboBox",
            "NoNulo": false,
            "ColorTexto": "black",
            "EncabezadoColumna": "Tipo Precio",
            "ColorBorde": "#00BFFF",
            "CampoCalculado": false,
            "EsFecha": false,
            "ID": "5",
            "ColumnaOcultable": false,
            "TipoControlEdicion": "",
            "AnchoBorde": 1,
            "ColorTextoEncabezadoColumna": "#000000",
            "ValorTrueCampoBooleano": "",
            "OrdenColumna": "4",
            "Campo": "TipoPrecioCompraUsuarioNAV",
            "AlineacionColumna": "CENTER",
            "ColorBordeCeldaSeleccionada": "#00BFFF"
        },
        {
            "TipoDato": "REAL",
            "EsBooleano": false,
            "ColumnaTableView": true,
            "ColorFondo": "transparent",
            "AnchoColumna": 100,
            "AliasCampo": "PrecioCompraUsuarioNAV",
            "ConValorDefecto": false,
            "KeyID": "0",
            "ValorDefecto": "",
            "ColorFondoEncabezadoColumna": "#BDB76B",
            "TipoControlFiltro": "TextField",
            "NoNulo": false,
            "ColorTexto": "black",
            "EncabezadoColumna": "Precio Compra",
            "ColorBorde": "#00BFFF",
            "CampoCalculado": false,
            "EsFecha": false,
            "ID": "6",
            "ColumnaOcultable": false,
            "TipoControlEdicion": "",
            "AnchoBorde": 1,
            "ColorTextoEncabezadoColumna": "#000000",
            "ValorTrueCampoBooleano": "",
            "OrdenColumna": "5",
            "Campo": "PrecioCompraUsuarioNAV",
            "AlineacionColumna": "CENTER-RIGHT",
            "ColorBordeCeldaSeleccionada": "#00BFFF"
        },
        {
            "TipoDato": "TEXT",
            "EsBooleano": false,
            "ColumnaTableView": true,
            "ColorFondo": "transparent",
            "AnchoColumna": 140,
            "AliasCampo": "DivisaUsuarioNAV",
            "ConValorDefecto": false,
            "KeyID": "0",
            "ValorDefecto": "",
            "ColorFondoEncabezadoColumna": "#BDB76B",
            "TipoControlFiltro": "TextField",
            "NoNulo": false,
            "ColorTexto": "#000000",
            "EncabezadoColumna": "DivisaUsuarioNAV",
            "ColorBorde": "#00BFFF",
            "CampoCalculado": false,
            "EsFecha": false,
            "ID": "7",
            "ColumnaOcultable": false,
            "TipoControlEdicion": null,
            "AnchoBorde": 0.5,
            "ColorTextoEncabezadoColumna": "#000000",
            "ValorTrueCampoBooleano": "",
            "OrdenColumna": "6",
            "Campo": "DivisaUsuarioNAV",
            "AlineacionColumna": "CENTER-LEFT",
            "ColorBordeCeldaSeleccionada": "#00BFFF"
        },
        {
            "TipoDato": "REAL",
            "EsBooleano": false,
            "ColumnaTableView": true,
            "ColorFondo": "transparent",
            "AnchoColumna": 100,
            "AliasCampo": "FechaPrecioCompraUsuarioNAV",
            "ConValorDefecto": false,
            "KeyID": "0",
            "ValorDefecto": "",
            "ColorFondoEncabezadoColumna": "#BDB76B",
            "TipoControlFiltro": "TextFieldBtn",
            "NoNulo": false,
            "ColorTexto": "#000000",
            "EncabezadoColumna": "Fecha Precio",
            "ColorBorde": "#00BFFF",
            "CampoCalculado": false,
            "EsFecha": true,
            "ID": "8",
            "ColumnaOcultable": false,
            "TipoControlEdicion": "",
            "AnchoBorde": 0.5,
            "ColorTextoEncabezadoColumna": "#000000",
            "ValorTrueCampoBooleano": "",
            "OrdenColumna": "7",
            "Campo": "FechaPrecioCompraUsuarioNAV",
            "AlineacionColumna": "CENTER",
            "ColorBordeCeldaSeleccionada": "#00BFFF"
        },
        {
            "TipoDato": "REAL",
            "EsBooleano": false,
            "ColumnaTableView": false,
            "ColorFondo": "transparent",
            "AnchoColumna": 100,
            "AliasCampo": "PrecioCompraUsuario",
            "ConValorDefecto": false,
            "KeyID": "0",
            "ValorDefecto": "",
            "ColorFondoEncabezadoColumna": "#BDB76B",
            "TipoControlFiltro": "TextField",
            "NoNulo": false,
            "ColorTexto": "black",
            "EncabezadoColumna": "PrecioCompraUsuario",
            "ColorBorde": "#00BFFF",
            "CampoCalculado": false,
            "EsFecha": false,
            "ID": "9",
            "ColumnaOcultable": false,
            "TipoControlEdicion": "",
            "AnchoBorde": 1,
            "ColorTextoEncabezadoColumna": "#000000",
            "ValorTrueCampoBooleano": "",
            "OrdenColumna": "-1",
            "Campo": "PrecioCompraUsuario",
            "AlineacionColumna": "CENTER-RIGHT",
            "ColorBordeCeldaSeleccionada": "#00BFFF"
        },
        {
            "TipoDato": "REAL",
            "EsBooleano": false,
            "ColumnaTableView": false,
            "ColorFondo": "transparent",
            "AnchoColumna": 100,
            "AliasCampo": "PrecioCompraNAV",
            "ConValorDefecto": false,
            "KeyID": "0",
            "ValorDefecto": "",
            "ColorFondoEncabezadoColumna": "#BDB76B",
            "TipoControlFiltro": "TextField",
            "NoNulo": false,
            "ColorTexto": "black",
            "EncabezadoColumna": "PrecioCompraNAV",
            "ColorBorde": "#00BFFF",
            "CampoCalculado": false,
            "EsFecha": false,
            "ID": "10",
            "ColumnaOcultable": false,
            "TipoControlEdicion": "",
            "AnchoBorde": 1,
            "ColorTextoEncabezadoColumna": "#000000",
            "ValorTrueCampoBooleano": "",
            "OrdenColumna": "-1",
            "Campo": "PrecioCompraNAV",
            "AlineacionColumna": "CENTER-RIGHT",
            "ColorBordeCeldaSeleccionada": "#00BFFF"
        },
        {
            "TipoDato": "INTEGER",
            "EsBooleano": false,
            "ColumnaTableView": true,
            "ColorFondo": "transparent",
            "AnchoColumna": 100,
            "AliasCampo": "NumTAvisos",
            "ConValorDefecto": false,
            "KeyID": "0",
            "ValorDefecto": "",
            "ColorFondoEncabezadoColumna": "#BDB76B",
            "TipoControlFiltro": "TextField",
            "NoNulo": false,
            "ColorTexto": "black",
            "EncabezadoColumna": "NumTAvisos",
            "ColorBorde": "#00BFFF",
            "CampoCalculado": false,
            "EsFecha": false,
            "ID": "11",
            "ColumnaOcultable": false,
            "TipoControlEdicion": "",
            "AnchoBorde": 1,
            "ColorTextoEncabezadoColumna": "#000000",
            "ValorTrueCampoBooleano": "",
            "OrdenColumna": "8",
            "Campo": "NumTAvisos",
            "AlineacionColumna": "CENTER-RIGHT",
            "ColorBordeCeldaSeleccionada": "#00BFFF"
        }
    ],
    "PuertoJRDC": ""
}