{
    "TipoOrigenDatos": "SQLite Table",
    "FechaUltimaModificacion": 1662055176996,
    "ParametrosJRDC": "null",
    "ColorTextoPanelInfo": "#000000",
    "IpJRDC": "",
    "ColorFondoFilasImpares": "#FFFFFF",
    "ColorFondoEncabezados": "#FF8C00",
    "ComandoJRDC": "",
    "ColorTextoEncabezados": "#000000",
    "ColorFondoPanelInfo": "#FFF8C3",
    "ColorFondoFilasPares": "#F1F1F1",
    "Items": [
        {
            "TipoDato": "INTEGER",
            "EsBooleano": false,
            "ColumnaTableView": false,
            "ColorFondo": "transparent",
            "AnchoColumna": 100,
            "AliasCampo": "IDAnalisisTarifas",
            "ConValorDefecto": false,
            "KeyID": "1",
            "ValorDefecto": "",
            "ColorFondoEncabezadoColumna": "#FF8C00",
            "TipoControlFiltro": "",
            "NoNulo": false,
            "ColorTexto": "black",
            "EncabezadoColumna": "IDAnalisisTarifas",
            "ColorBorde": "#00BFFF",
            "CampoCalculado": false,
            "EsFecha": false,
            "ID": "0",
            "ColumnaOcultable": false,
            "TipoControlEdicion": "",
            "AnchoBorde": 1,
            "ColorTextoEncabezadoColumna": "#000000",
            "ValorTrueCampoBooleano": "",
            "OrdenColumna": "-1",
            "Campo": "IDAnalisisTarifas",
            "AlineacionColumna": "CENTER-LEFT",
            "ColorBordeCeldaSeleccionada": "#00BFFF"
        },
        {
            "TipoDato": "INTEGER",
            "EsBooleano": false,
            "ColumnaTableView": false,
            "ColorFondo": "transparent",
            "AnchoColumna": 100,
            "AliasCampo": "TipoTarifa",
            "ConValorDefecto": false,
            "KeyID": "2",
            "ValorDefecto": "",
            "ColorFondoEncabezadoColumna": "#FF8C00",
            "TipoControlFiltro": "",
            "NoNulo": false,
            "ColorTexto": "black",
            "EncabezadoColumna": "TipoTarifa",
            "ColorBorde": "#00BFFF",
            "CampoCalculado": false,
            "EsFecha": false,
            "ID": "1",
            "ColumnaOcultable": false,
            "TipoControlEdicion": "",
            "AnchoBorde": 1,
            "ColorTextoEncabezadoColumna": "#000000",
            "ValorTrueCampoBooleano": "",
            "OrdenColumna": "-1",
            "Campo": "TipoTarifa",
            "AlineacionColumna": "CENTER-LEFT",
            "ColorBordeCeldaSeleccionada": "#00BFFF"
        },
        {
            "TipoDato": "TEXT",
            "EsBooleano": false,
            "ColumnaTableView": false,
            "ColorFondo": "transparent",
            "AnchoColumna": 100,
            "AliasCampo": "CodigoTarifa",
            "ConValorDefecto": false,
            "KeyID": "3",
            "ValorDefecto": "",
            "ColorFondoEncabezadoColumna": "#FF8C00",
            "TipoControlFiltro": "",
            "NoNulo": false,
            "ColorTexto": "black",
            "EncabezadoColumna": "CodigoTarifa",
            "ColorBorde": "#00BFFF",
            "CampoCalculado": false,
            "EsFecha": false,
            "ID": "2",
            "ColumnaOcultable": false,
            "TipoControlEdicion": "",
            "AnchoBorde": 1,
            "ColorTextoEncabezadoColumna": "#000000",
            "ValorTrueCampoBooleano": "",
            "OrdenColumna": "-1",
            "Campo": "CodigoTarifa",
            "AlineacionColumna": "CENTER-LEFT",
            "ColorBordeCeldaSeleccionada": "#00BFFF"
        },
        {
            "TipoDato": "TEXT",
            "EsBooleano": false,
            "ColumnaTableView": false,
            "ColorFondo": "transparent",
            "AnchoColumna": 100,
            "AliasCampo": "Articulo",
            "ConValorDefecto": false,
            "KeyID": "4",
            "ValorDefecto": "",
            "ColorFondoEncabezadoColumna": "#FF8C00",
            "TipoControlFiltro": "",
            "NoNulo": false,
            "ColorTexto": "black",
            "EncabezadoColumna": "Articulo",
            "ColorBorde": "#00BFFF",
            "CampoCalculado": false,
            "EsFecha": false,
            "ID": "3",
            "ColumnaOcultable": false,
            "TipoControlEdicion": "",
            "AnchoBorde": 1,
            "ColorTextoEncabezadoColumna": "#000000",
            "ValorTrueCampoBooleano": "",
            "OrdenColumna": "-1",
            "Campo": "Articulo",
            "AlineacionColumna": "CENTER-LEFT",
            "ColorBordeCeldaSeleccionada": "#00BFFF"
        },
        {
            "TipoDato": "TEXT",
            "EsBooleano": false,
            "ColumnaTableView": false,
            "ColorFondo": "transparent",
            "AnchoColumna": 100,
            "AliasCampo": "DescripcionArticulo",
            "ConValorDefecto": false,
            "KeyID": "5",
            "ValorDefecto": "",
            "ColorFondoEncabezadoColumna": "#FF8C00",
            "TipoControlFiltro": "",
            "NoNulo": false,
            "ColorTexto": "black",
            "EncabezadoColumna": "DescripcionArticulo",
            "ColorBorde": "#00BFFF",
            "CampoCalculado": false,
            "EsFecha": false,
            "ID": "4",
            "ColumnaOcultable": false,
            "TipoControlEdicion": "",
            "AnchoBorde": 1,
            "ColorTextoEncabezadoColumna": "#000000",
            "ValorTrueCampoBooleano": "",
            "OrdenColumna": "-1",
            "Campo": "DescripcionArticulo",
            "AlineacionColumna": "CENTER-LEFT",
            "ColorBordeCeldaSeleccionada": "#00BFFF"
        },
        {
            "TipoDato": "TEXT",
            "EsBooleano": false,
            "ColumnaTableView": true,
            "ColorFondo": "transparent",
            "AnchoColumna": 100,
            "AliasCampo": "Variante",
            "ConValorDefecto": false,
            "KeyID": "6",
            "ValorDefecto": "",
            "ColorFondoEncabezadoColumna": "#FF8C00",
            "TipoControlFiltro": "",
            "NoNulo": false,
            "ColorTexto": "black",
            "EncabezadoColumna": "Talla",
            "ColorBorde": "#00BFFF",
            "CampoCalculado": false,
            "EsFecha": false,
            "ID": "5",
            "ColumnaOcultable": false,
            "TipoControlEdicion": "",
            "AnchoBorde": 1,
            "ColorTextoEncabezadoColumna": "#000000",
            "ValorTrueCampoBooleano": "",
            "OrdenColumna": "0",
            "Campo": "Variante",
            "AlineacionColumna": "CENTER-LEFT",
            "ColorBordeCeldaSeleccionada": "#00BFFF"
        },
        {
            "TipoDato": "Real",
            "EsBooleano": false,
            "ColumnaTableView": true,
            "ColorFondo": "transparent",
            "AnchoColumna": 130,
            "AliasCampo": "CantidadMinima",
            "ConValorDefecto": false,
            "KeyID": "7",
            "ValorDefecto": "",
            "ColorFondoEncabezadoColumna": "#FF8C00",
            "TipoControlFiltro": "",
            "NoNulo": false,
            "ColorTexto": "black",
            "EncabezadoColumna": "Cantidad Minima",
            "ColorBorde": "#00BFFF",
            "CampoCalculado": false,
            "EsFecha": false,
            "ID": "6",
            "ColumnaOcultable": false,
            "TipoControlEdicion": "",
            "AnchoBorde": 1,
            "ColorTextoEncabezadoColumna": "#000000",
            "ValorTrueCampoBooleano": "",
            "OrdenColumna": "1",
            "Campo": "CantidadMinima",
            "AlineacionColumna": "CENTER-RIGHT",
            "ColorBordeCeldaSeleccionada": "#00BFFF"
        },
        {
            "TipoDato": "TEXT",
            "EsBooleano": false,
            "ColumnaTableView": true,
            "ColorFondo": "transparent",
            "AnchoColumna": 100,
            "AliasCampo": "Moneda",
            "ConValorDefecto": false,
            "KeyID": "8",
            "ValorDefecto": "",
            "ColorFondoEncabezadoColumna": "#FF8C00",
            "TipoControlFiltro": "",
            "NoNulo": false,
            "ColorTexto": "black",
            "EncabezadoColumna": "Moneda",
            "ColorBorde": "#00BFFF",
            "CampoCalculado": false,
            "EsFecha": false,
            "ID": "7",
            "ColumnaOcultable": false,
            "TipoControlEdicion": "",
            "AnchoBorde": 1,
            "ColorTextoEncabezadoColumna": "#000000",
            "ValorTrueCampoBooleano": "",
            "OrdenColumna": "2",
            "Campo": "Moneda",
            "AlineacionColumna": "CENTER-LEFT",
            "ColorBordeCeldaSeleccionada": "#00BFFF"
        },
        {
            "TipoDato": "TEXT",
            "EsBooleano": false,
            "ColumnaTableView": true,
            "ColorFondo": "transparent",
            "AnchoColumna": 100,
            "AliasCampo": "UM",
            "ConValorDefecto": false,
            "KeyID": "9",
            "ValorDefecto": "",
            "ColorFondoEncabezadoColumna": "#FF8C00",
            "TipoControlFiltro": "",
            "NoNulo": false,
            "ColorTexto": "black",
            "EncabezadoColumna": "UM",
            "ColorBorde": "#00BFFF",
            "CampoCalculado": false,
            "EsFecha": false,
            "ID": "8",
            "ColumnaOcultable": false,
            "TipoControlEdicion": "",
            "AnchoBorde": 1,
            "ColorTextoEncabezadoColumna": "#000000",
            "ValorTrueCampoBooleano": "",
            "OrdenColumna": "3",
            "Campo": "UM",
            "AlineacionColumna": "CENTER",
            "ColorBordeCeldaSeleccionada": "#00BFFF"
        },
        {
            "TipoDato": "REAL",
            "EsBooleano": false,
            "ColumnaTableView": true,
            "ColorFondo": "transparent",
            "AnchoColumna": 100,
            "AliasCampo": "PrecioUnitario",
            "ConValorDefecto": false,
            "KeyID": "0",
            "ValorDefecto": "",
            "ColorFondoEncabezadoColumna": "#FF8C00",
            "TipoControlFiltro": "",
            "NoNulo": false,
            "ColorTexto": "black",
            "EncabezadoColumna": "Precio Unitario",
            "ColorBorde": "#00BFFF",
            "CampoCalculado": false,
            "EsFecha": false,
            "ID": "9",
            "ColumnaOcultable": false,
            "TipoControlEdicion": "",
            "AnchoBorde": 1,
            "ColorTextoEncabezadoColumna": "#000000",
            "ValorTrueCampoBooleano": "",
            "OrdenColumna": "4",
            "Campo": "PrecioUnitario",
            "AlineacionColumna": "CENTER-RIGHT",
            "ColorBordeCeldaSeleccionada": "#00BFFF"
        },
        {
            "TipoDato": "REAL",
            "EsBooleano": false,
            "ColumnaTableView": true,
            "ColorFondo": "transparent",
            "AnchoColumna": 100,
            "AliasCampo": "FechaInicial",
            "ConValorDefecto": false,
            "KeyID": "10",
            "ValorDefecto": "",
            "ColorFondoEncabezadoColumna": "#FF8C00",
            "TipoControlFiltro": "",
            "NoNulo": false,
            "ColorTexto": "black",
            "EncabezadoColumna": "Fecha Inicial",
            "ColorBorde": "#00BFFF",
            "CampoCalculado": false,
            "EsFecha": true,
            "ID": "10",
            "ColumnaOcultable": false,
            "TipoControlEdicion": "",
            "AnchoBorde": 1,
            "ColorTextoEncabezadoColumna": "#000000",
            "ValorTrueCampoBooleano": "",
            "OrdenColumna": "5",
            "Campo": "FechaInicial",
            "AlineacionColumna": "CENTER",
            "ColorBordeCeldaSeleccionada": "#00BFFF"
        },
        {
            "TipoDato": "REAL",
            "EsBooleano": false,
            "ColumnaTableView": true,
            "ColorFondo": "transparent",
            "AnchoColumna": 100,
            "AliasCampo": "FechaFinal",
            "ConValorDefecto": false,
            "KeyID": "0",
            "ValorDefecto": "",
            "ColorFondoEncabezadoColumna": "#FF8C00",
            "TipoControlFiltro": "",
            "NoNulo": false,
            "ColorTexto": "black",
            "EncabezadoColumna": "Fecha Final",
            "ColorBorde": "#00BFFF",
            "CampoCalculado": false,
            "EsFecha": true,
            "ID": "11",
            "ColumnaOcultable": false,
            "TipoControlEdicion": "",
            "AnchoBorde": 1,
            "ColorTextoEncabezadoColumna": "#000000",
            "ValorTrueCampoBooleano": "",
            "OrdenColumna": "6",
            "Campo": "FechaFinal",
            "AlineacionColumna": "CENTER",
            "ColorBordeCeldaSeleccionada": "#00BFFF"
        },
        {
            "TipoDato": "TEXT",
            "EsBooleano": false,
            "ColumnaTableView": true,
            "ColorFondo": "transparent",
            "AnchoColumna": 100,
            "AliasCampo": "UMVenta",
            "ConValorDefecto": false,
            "KeyID": "0",
            "ValorDefecto": "",
            "ColorFondoEncabezadoColumna": "#FF8C00",
            "TipoControlFiltro": "",
            "NoNulo": false,
            "ColorTexto": "black",
            "EncabezadoColumna": "UMVenta",
            "ColorBorde": "#00BFFF",
            "CampoCalculado": false,
            "EsFecha": false,
            "ID": "12",
            "ColumnaOcultable": false,
            "TipoControlEdicion": "",
            "AnchoBorde": 1,
            "ColorTextoEncabezadoColumna": "#000000",
            "ValorTrueCampoBooleano": "",
            "OrdenColumna": "7",
            "Campo": "UMVenta",
            "AlineacionColumna": "CENTER-LEFT",
            "ColorBordeCeldaSeleccionada": "#00BFFF"
        }
    ],
    "PuertoJRDC": ""
}