{
    "IpJRDC": "192.168.10.6",
    "ColorItemsPares": -2302756,
    "Version": "9.01",
    "PrimaryKey": "IDAnalisisTarifas",
    "Items": [
        {
            "TipoDato": "INTEGER",
            "TipoDatoMySQL": "int",
            "TipoControl": "",
            "InfoCampo": "",
            "PrimaryKey": true,
            "ControlIndependiente": false,
            "TituloCampo": "IDAnalisisTarifas",
            "Extras": {},
            "ControlEditable": false,
            "NoNulo": true,
            "Campo": "IDAnalisisTarifas",
            "AutoIncremental": false,
            "EsFecha": false,
            "ValorCampoPorDefecto": "null"
        },
        {
            "TipoDato": "INTEGER",
            "TipoDatoMySQL": "bit",
            "TipoControl": "CheckBox",
            "InfoCampo": "",
            "PrimaryKey": false,
            "ControlIndependiente": false,
            "TituloCampo": "TarifasVenta",
            "Extras": {},
            "ControlEditable": true,
            "NoNulo": true,
            "Campo": "TarifasVenta",
            "AutoIncremental": false,
            "EsFecha": false,
            "ValorCampoPorDefecto": "((0))"
        },
        {
            "TipoDato": "INTEGER",
            "TipoDatoMySQL": "bit",
            "TipoControl": "CheckBox",
            "InfoCampo": "",
            "PrimaryKey": false,
            "ControlIndependiente": false,
            "TituloCampo": "CodigosArticulo",
            "Extras": {},
            "ControlEditable": true,
            "NoNulo": true,
            "Campo": "CodigosArticulo",
            "AutoIncremental": false,
            "EsFecha": false,
            "ValorCampoPorDefecto": "((0))"
        },
        {
            "TipoDato": "INTEGER",
            "TipoDatoMySQL": "bit",
            "TipoControl": "CheckBox",
            "InfoCampo": "",
            "PrimaryKey": false,
            "ControlIndependiente": false,
            "TituloCampo": "SistemaReposicion",
            "Extras": {},
            "ControlEditable": true,
            "NoNulo": true,
            "Campo": "SistemaReposicion",
            "AutoIncremental": false,
            "EsFecha": false,
            "ValorCampoPorDefecto": "((0))"
        },
        {
            "TipoDato": "INTEGER",
            "TipoDatoMySQL": "bit",
            "TipoControl": "CheckBox",
            "InfoCampo": "",
            "PrimaryKey": false,
            "ControlIndependiente": false,
            "TituloCampo": "Rutas",
            "Extras": {},
            "ControlEditable": true,
            "NoNulo": true,
            "Campo": "Rutas",
            "AutoIncremental": false,
            "EsFecha": false,
            "ValorCampoPorDefecto": "((0))"
        },
        {
            "TipoDato": "INTEGER",
            "TipoDatoMySQL": "bit",
            "TipoControl": "CheckBox",
            "InfoCampo": "",
            "PrimaryKey": false,
            "ControlIndependiente": false,
            "TituloCampo": "GruposContablesProducto",
            "Extras": {},
            "ControlEditable": true,
            "NoNulo": true,
            "Campo": "GruposContablesProducto",
            "AutoIncremental": false,
            "EsFecha": false,
            "ValorCampoPorDefecto": "((0))"
        }
    ],
    "ColorItemsImpares": -1053719,
    "NombreTabla": "tbl_PROIN_AnalisisTarifasTiposFiltradoDelimitacion",
    "DBMS": "SQLServer",
    "PuertoJRDC": "17200"
}