{
    "TipoOrigenDatos": "SQLite Table",
    "FechaUltimaModificacion": 1697701054798,
    "ParametrosJRDC": "null",
    "ColorTextoPanelInfo": "#000000",
    "IpJRDC": "",
    "ColorFondoFilasImpares": "#FFFFFF",
    "ColorFondoEncabezados": "#004B55",
    "ComandoJRDC": "",
    "ColorTextoEncabezados": "#FFFFFF",
    "ColorFondoPanelInfo": "#FFF8C3",
    "ColorFondoFilasPares": "#F1F1F1",
    "Items": [
        {
            "TipoDato": "INTEGER",
            "EsBooleano": false,
            "ColumnaTableView": true,
            "ColorFondo": "transparent",
            "AnchoColumna": 100,
            "AliasCampo": "store_id",
            "ConValorDefecto": false,
            "KeyID": "1",
            "ValorDefecto": "",
            "ColorFondoEncabezadoColumna": "#004B55",
            "TipoControlFiltro": "TextField",
            "NoNulo": false,
            "ColorTexto": "black",
            "EncabezadoColumna": "store_id",
            "ColorBorde": "#00BFFF",
            "CampoCalculado": false,
            "EsFecha": false,
            "ID": "0",
            "ColumnaOcultable": false,
            "TipoControlEdicion": "",
            "AnchoBorde": 1,
            "NombreCampoDialogosAux": "store_id",
            "ColorTextoEncabezadoColumna": "#FFFFFF",
            "ValorTrueCampoBooleano": "",
            "OrdenColumna": "0",
            "Campo": "store_id",
            "AlineacionColumna": "CENTER-RIGHT",
            "ColorBordeCeldaSeleccionada": "#00BFFF"
        },
        {
            "TipoDato": "INTEGER",
            "EsBooleano": false,
            "ColumnaTableView": true,
            "ColorFondo": "transparent",
            "AnchoColumna": 100,
            "AliasCampo": "order_id",
            "ConValorDefecto": false,
            "KeyID": "2",
            "ValorDefecto": "",
            "ColorFondoEncabezadoColumna": "#004B55",
            "TipoControlFiltro": "TextField",
            "NoNulo": false,
            "ColorTexto": "black",
            "EncabezadoColumna": "order_id",
            "ColorBorde": "#00BFFF",
            "CampoCalculado": false,
            "EsFecha": false,
            "ID": "1",
            "ColumnaOcultable": false,
            "TipoControlEdicion": "",
            "AnchoBorde": 1,
            "NombreCampoDialogosAux": "order_id",
            "ColorTextoEncabezadoColumna": "#FFFFFF",
            "ValorTrueCampoBooleano": "",
            "OrdenColumna": "1",
            "Campo": "order_id",
            "AlineacionColumna": "CENTER-RIGHT",
            "ColorBordeCeldaSeleccionada": "#00BFFF"
        },
        {
            "TipoDato": "TEXT",
            "EsBooleano": false,
            "ColumnaTableView": true,
            "ColorFondo": "transparent",
            "AnchoColumna": 100,
            "AliasCampo": "po_number",
            "ConValorDefecto": false,
            "KeyID": "0",
            "ValorDefecto": "",
            "ColorFondoEncabezadoColumna": "#004B55",
            "TipoControlFiltro": "TextField",
            "NoNulo": false,
            "ColorTexto": "#000000",
            "EncabezadoColumna": "po_number",
            "ColorBorde": "#00BFFF",
            "CampoCalculado": false,
            "EsFecha": false,
            "ID": "2",
            "ColumnaOcultable": false,
            "TipoControlEdicion": null,
            "AnchoBorde": 0.5,
            "NombreCampoDialogosAux": "po_number",
            "ColorTextoEncabezadoColumna": "#FFFFFF",
            "ValorTrueCampoBooleano": "",
            "OrdenColumna": "2",
            "Campo": "po_number",
            "AlineacionColumna": "CENTER-LEFT",
            "ColorBordeCeldaSeleccionada": "#00BFFF"
        },
        {
            "TipoDato": "TEXT",
            "EsBooleano": false,
            "ColumnaTableView": true,
            "ColorFondo": "transparent",
            "AnchoColumna": 100,
            "AliasCampo": "created_at",
            "ConValorDefecto": false,
            "KeyID": "0",
            "ValorDefecto": "",
            "ColorFondoEncabezadoColumna": "#004B55",
            "TipoControlFiltro": "",
            "NoNulo": false,
            "ColorTexto": "black",
            "EncabezadoColumna": "created_at",
            "ColorBorde": "#00BFFF",
            "CampoCalculado": false,
            "EsFecha": false,
            "ID": "3",
            "ColumnaOcultable": false,
            "TipoControlEdicion": "",
            "AnchoBorde": 1,
            "NombreCampoDialogosAux": "created_at",
            "ColorTextoEncabezadoColumna": "#FFFFFF",
            "ValorTrueCampoBooleano": "",
            "OrdenColumna": "3",
            "Campo": "created_at",
            "AlineacionColumna": "CENTER-LEFT",
            "ColorBordeCeldaSeleccionada": "#00BFFF"
        },
        {
            "TipoDato": "TEXT",
            "EsBooleano": false,
            "ColumnaTableView": true,
            "ColorFondo": "transparent",
            "AnchoColumna": 100,
            "AliasCampo": "updated_at",
            "ConValorDefecto": false,
            "KeyID": "0",
            "ValorDefecto": "",
            "ColorFondoEncabezadoColumna": "#004B55",
            "TipoControlFiltro": "",
            "NoNulo": false,
            "ColorTexto": "black",
            "EncabezadoColumna": "updated_at",
            "ColorBorde": "#00BFFF",
            "CampoCalculado": false,
            "EsFecha": false,
            "ID": "4",
            "ColumnaOcultable": false,
            "TipoControlEdicion": "",
            "AnchoBorde": 1,
            "NombreCampoDialogosAux": "updated_at",
            "ColorTextoEncabezadoColumna": "#FFFFFF",
            "ValorTrueCampoBooleano": "",
            "OrdenColumna": "4",
            "Campo": "updated_at",
            "AlineacionColumna": "CENTER-LEFT",
            "ColorBordeCeldaSeleccionada": "#00BFFF"
        },
        {
            "TipoDato": "INTEGER",
            "EsBooleano": false,
            "ColumnaTableView": true,
            "ColorFondo": "transparent",
            "AnchoColumna": 100,
            "AliasCampo": "free_shipping",
            "ConValorDefecto": false,
            "KeyID": "0",
            "ValorDefecto": "",
            "ColorFondoEncabezadoColumna": "#004B55",
            "TipoControlFiltro": "",
            "NoNulo": false,
            "ColorTexto": "black",
            "EncabezadoColumna": "free_shipping",
            "ColorBorde": "#00BFFF",
            "CampoCalculado": false,
            "EsFecha": false,
            "ID": "5",
            "ColumnaOcultable": false,
            "TipoControlEdicion": "",
            "AnchoBorde": 1,
            "NombreCampoDialogosAux": "free_shipping",
            "ColorTextoEncabezadoColumna": "#FFFFFF",
            "ValorTrueCampoBooleano": "",
            "OrdenColumna": "5",
            "Campo": "free_shipping",
            "AlineacionColumna": "CENTER-RIGHT",
            "ColorBordeCeldaSeleccionada": "#00BFFF"
        },
        {
            "TipoDato": "TEXT",
            "EsBooleano": false,
            "ColumnaTableView": true,
            "ColorFondo": "transparent",
            "AnchoColumna": 100,
            "AliasCampo": "product_type",
            "ConValorDefecto": false,
            "KeyID": "0",
            "ValorDefecto": "",
            "ColorFondoEncabezadoColumna": "#004B55",
            "TipoControlFiltro": "ComboBox",
            "NoNulo": false,
            "ColorTexto": "black",
            "EncabezadoColumna": "product_type",
            "ColorBorde": "#00BFFF",
            "CampoCalculado": false,
            "EsFecha": false,
            "ID": "6",
            "ColumnaOcultable": false,
            "TipoControlEdicion": "",
            "AnchoBorde": 1,
            "NombreCampoDialogosAux": "product_type",
            "ColorTextoEncabezadoColumna": "#FFFFFF",
            "ValorTrueCampoBooleano": "",
            "OrdenColumna": "6",
            "Campo": "product_type",
            "AlineacionColumna": "CENTER-LEFT",
            "ColorBordeCeldaSeleccionada": "#00BFFF"
        },
        {
            "TipoDato": "INTEGER",
            "EsBooleano": false,
            "ColumnaTableView": true,
            "ColorFondo": "transparent",
            "AnchoColumna": 100,
            "AliasCampo": "item_id",
            "ConValorDefecto": false,
            "KeyID": "0",
            "ValorDefecto": "",
            "ColorFondoEncabezadoColumna": "#004B55",
            "TipoControlFiltro": "",
            "NoNulo": false,
            "ColorTexto": "black",
            "EncabezadoColumna": "item_id",
            "ColorBorde": "#00BFFF",
            "CampoCalculado": false,
            "EsFecha": false,
            "ID": "7",
            "ColumnaOcultable": false,
            "TipoControlEdicion": "",
            "AnchoBorde": 1,
            "NombreCampoDialogosAux": "item_id",
            "ColorTextoEncabezadoColumna": "#FFFFFF",
            "ValorTrueCampoBooleano": "",
            "OrdenColumna": "7",
            "Campo": "item_id",
            "AlineacionColumna": "CENTER-RIGHT",
            "ColorBordeCeldaSeleccionada": "#00BFFF"
        },
        {
            "TipoDato": "INTEGER",
            "EsBooleano": false,
            "ColumnaTableView": true,
            "ColorFondo": "transparent",
            "AnchoColumna": 100,
            "AliasCampo": "product_id",
            "ConValorDefecto": false,
            "KeyID": "0",
            "ValorDefecto": "",
            "ColorFondoEncabezadoColumna": "#004B55",
            "TipoControlFiltro": "",
            "NoNulo": false,
            "ColorTexto": "black",
            "EncabezadoColumna": "product_id",
            "ColorBorde": "#00BFFF",
            "CampoCalculado": false,
            "EsFecha": false,
            "ID": "8",
            "ColumnaOcultable": false,
            "TipoControlEdicion": "",
            "AnchoBorde": 1,
            "NombreCampoDialogosAux": "product_id",
            "ColorTextoEncabezadoColumna": "#FFFFFF",
            "ValorTrueCampoBooleano": "",
            "OrdenColumna": "8",
            "Campo": "product_id",
            "AlineacionColumna": "CENTER-RIGHT",
            "ColorBordeCeldaSeleccionada": "#00BFFF"
        },
        {
            "TipoDato": "TEXT",
            "EsBooleano": false,
            "ColumnaTableView": true,
            "ColorFondo": "transparent",
            "AnchoColumna": 100,
            "AliasCampo": "sku",
            "ConValorDefecto": false,
            "KeyID": "3",
            "ValorDefecto": "",
            "ColorFondoEncabezadoColumna": "#004B55",
            "TipoControlFiltro": "",
            "NoNulo": false,
            "ColorTexto": "black",
            "EncabezadoColumna": "sku",
            "ColorBorde": "#00BFFF",
            "CampoCalculado": false,
            "EsFecha": false,
            "ID": "9",
            "ColumnaOcultable": false,
            "TipoControlEdicion": "",
            "AnchoBorde": 1,
            "NombreCampoDialogosAux": "sku",
            "ColorTextoEncabezadoColumna": "#FFFFFF",
            "ValorTrueCampoBooleano": "",
            "OrdenColumna": "9",
            "Campo": "sku",
            "AlineacionColumna": "CENTER-LEFT",
            "ColorBordeCeldaSeleccionada": "#00BFFF"
        },
        {
            "TipoDato": "TEXT",
            "EsBooleano": false,
            "ColumnaTableView": true,
            "ColorFondo": "transparent",
            "AnchoColumna": 100,
            "AliasCampo": "name",
            "ConValorDefecto": false,
            "KeyID": "0",
            "ValorDefecto": "",
            "ColorFondoEncabezadoColumna": "#004B55",
            "TipoControlFiltro": "",
            "NoNulo": false,
            "ColorTexto": "black",
            "EncabezadoColumna": "name",
            "ColorBorde": "#00BFFF",
            "CampoCalculado": false,
            "EsFecha": false,
            "ID": "10",
            "ColumnaOcultable": false,
            "TipoControlEdicion": "",
            "AnchoBorde": 1,
            "NombreCampoDialogosAux": "name",
            "ColorTextoEncabezadoColumna": "#FFFFFF",
            "ValorTrueCampoBooleano": "",
            "OrdenColumna": "10",
            "Campo": "name",
            "AlineacionColumna": "CENTER-LEFT",
            "ColorBordeCeldaSeleccionada": "#00BFFF"
        },
        {
            "TipoDato": "TEXT",
            "EsBooleano": false,
            "ColumnaTableView": true,
            "ColorFondo": "transparent",
            "AnchoColumna": 100,
            "AliasCampo": "Talla",
            "ConValorDefecto": false,
            "KeyID": "0",
            "ValorDefecto": "",
            "ColorFondoEncabezadoColumna": "#004B55",
            "TipoControlFiltro": "",
            "NoNulo": false,
            "ColorTexto": "black",
            "EncabezadoColumna": "Talla",
            "ColorBorde": "#00BFFF",
            "CampoCalculado": false,
            "EsFecha": false,
            "ID": "11",
            "ColumnaOcultable": false,
            "TipoControlEdicion": "",
            "AnchoBorde": 1,
            "NombreCampoDialogosAux": "Talla",
            "ColorTextoEncabezadoColumna": "#FFFFFF",
            "ValorTrueCampoBooleano": "",
            "OrdenColumna": "11",
            "Campo": "Talla",
            "AlineacionColumna": "CENTER-LEFT",
            "ColorBordeCeldaSeleccionada": "#00BFFF"
        },
        {
            "TipoDato": "REAL",
            "EsBooleano": false,
            "ColumnaTableView": true,
            "ColorFondo": "transparent",
            "AnchoColumna": 100,
            "AliasCampo": "original_price",
            "ConValorDefecto": false,
            "KeyID": "0",
            "ValorDefecto": "",
            "ColorFondoEncabezadoColumna": "#004B55",
            "TipoControlFiltro": "",
            "NoNulo": false,
            "ColorTexto": "black",
            "EncabezadoColumna": "original_price",
            "ColorBorde": "#00BFFF",
            "CampoCalculado": false,
            "EsFecha": false,
            "ID": "12",
            "ColumnaOcultable": false,
            "TipoControlEdicion": "",
            "AnchoBorde": 1,
            "NombreCampoDialogosAux": "original_price",
            "ColorTextoEncabezadoColumna": "#FFFFFF",
            "ValorTrueCampoBooleano": "",
            "OrdenColumna": "12",
            "Campo": "original_price",
            "AlineacionColumna": "CENTER-RIGHT",
            "ColorBordeCeldaSeleccionada": "#00BFFF"
        },
        {
            "TipoDato": "REAL",
            "EsBooleano": false,
            "ColumnaTableView": true,
            "ColorFondo": "transparent",
            "AnchoColumna": 100,
            "AliasCampo": "price",
            "ConValorDefecto": false,
            "KeyID": "0",
            "ValorDefecto": "",
            "ColorFondoEncabezadoColumna": "#004B55",
            "TipoControlFiltro": "",
            "NoNulo": false,
            "ColorTexto": "black",
            "EncabezadoColumna": "price",
            "ColorBorde": "#00BFFF",
            "CampoCalculado": false,
            "EsFecha": false,
            "ID": "13",
            "ColumnaOcultable": false,
            "TipoControlEdicion": "",
            "AnchoBorde": 1,
            "NombreCampoDialogosAux": "price",
            "ColorTextoEncabezadoColumna": "#FFFFFF",
            "ValorTrueCampoBooleano": "",
            "OrdenColumna": "13",
            "Campo": "price",
            "AlineacionColumna": "CENTER-RIGHT",
            "ColorBordeCeldaSeleccionada": "#00BFFF"
        },
        {
            "TipoDato": "REAL",
            "EsBooleano": false,
            "ColumnaTableView": true,
            "ColorFondo": "transparent",
            "AnchoColumna": 100,
            "AliasCampo": "base_original_price",
            "ConValorDefecto": false,
            "KeyID": "0",
            "ValorDefecto": "",
            "ColorFondoEncabezadoColumna": "#004B55",
            "TipoControlFiltro": "",
            "NoNulo": false,
            "ColorTexto": "black",
            "EncabezadoColumna": "base_original_price",
            "ColorBorde": "#00BFFF",
            "CampoCalculado": false,
            "EsFecha": false,
            "ID": "14",
            "ColumnaOcultable": false,
            "TipoControlEdicion": "",
            "AnchoBorde": 1,
            "NombreCampoDialogosAux": "base_original_price",
            "ColorTextoEncabezadoColumna": "#FFFFFF",
            "ValorTrueCampoBooleano": "",
            "OrdenColumna": "14",
            "Campo": "base_original_price",
            "AlineacionColumna": "CENTER-RIGHT",
            "ColorBordeCeldaSeleccionada": "#00BFFF"
        },
        {
            "TipoDato": "REAL",
            "EsBooleano": false,
            "ColumnaTableView": true,
            "ColorFondo": "transparent",
            "AnchoColumna": 100,
            "AliasCampo": "base_price",
            "ConValorDefecto": false,
            "KeyID": "0",
            "ValorDefecto": "",
            "ColorFondoEncabezadoColumna": "#004B55",
            "TipoControlFiltro": "",
            "NoNulo": false,
            "ColorTexto": "black",
            "EncabezadoColumna": "base_price",
            "ColorBorde": "#00BFFF",
            "CampoCalculado": false,
            "EsFecha": false,
            "ID": "15",
            "ColumnaOcultable": false,
            "TipoControlEdicion": "",
            "AnchoBorde": 1,
            "NombreCampoDialogosAux": "base_price",
            "ColorTextoEncabezadoColumna": "#FFFFFF",
            "ValorTrueCampoBooleano": "",
            "OrdenColumna": "15",
            "Campo": "base_price",
            "AlineacionColumna": "CENTER-RIGHT",
            "ColorBordeCeldaSeleccionada": "#00BFFF"
        },
        {
            "TipoDato": "REAL",
            "EsBooleano": false,
            "ColumnaTableView": true,
            "ColorFondo": "transparent",
            "AnchoColumna": 100,
            "AliasCampo": "tax_percent",
            "ConValorDefecto": false,
            "KeyID": "0",
            "ValorDefecto": "",
            "ColorFondoEncabezadoColumna": "#004B55",
            "TipoControlFiltro": "",
            "NoNulo": false,
            "ColorTexto": "black",
            "EncabezadoColumna": "tax_percent",
            "ColorBorde": "#00BFFF",
            "CampoCalculado": false,
            "EsFecha": false,
            "ID": "16",
            "ColumnaOcultable": false,
            "TipoControlEdicion": "",
            "AnchoBorde": 1,
            "NombreCampoDialogosAux": "tax_percent",
            "ColorTextoEncabezadoColumna": "#FFFFFF",
            "ValorTrueCampoBooleano": "",
            "OrdenColumna": "16",
            "Campo": "tax_percent",
            "AlineacionColumna": "CENTER-RIGHT",
            "ColorBordeCeldaSeleccionada": "#00BFFF"
        },
        {
            "TipoDato": "INTEGER",
            "EsBooleano": false,
            "ColumnaTableView": true,
            "ColorFondo": "transparent",
            "AnchoColumna": 100,
            "AliasCampo": "qty_ordered",
            "ConValorDefecto": false,
            "KeyID": "0",
            "ValorDefecto": "",
            "ColorFondoEncabezadoColumna": "#004B55",
            "TipoControlFiltro": "",
            "NoNulo": false,
            "ColorTexto": "black",
            "EncabezadoColumna": "qty_ordered",
            "ColorBorde": "#00BFFF",
            "CampoCalculado": false,
            "EsFecha": false,
            "ID": "17",
            "ColumnaOcultable": false,
            "TipoControlEdicion": "",
            "AnchoBorde": 1,
            "NombreCampoDialogosAux": "qty_ordered",
            "ColorTextoEncabezadoColumna": "#FFFFFF",
            "ValorTrueCampoBooleano": "",
            "OrdenColumna": "17",
            "Campo": "qty_ordered",
            "AlineacionColumna": "CENTER-RIGHT",
            "ColorBordeCeldaSeleccionada": "#00BFFF"
        },
        {
            "TipoDato": "INTEGER",
            "EsBooleano": false,
            "ColumnaTableView": true,
            "ColorFondo": "transparent",
            "AnchoColumna": 100,
            "AliasCampo": "qty_shipped",
            "ConValorDefecto": false,
            "KeyID": "0",
            "ValorDefecto": "",
            "ColorFondoEncabezadoColumna": "#004B55",
            "TipoControlFiltro": "",
            "NoNulo": false,
            "ColorTexto": "black",
            "EncabezadoColumna": "qty_shipped",
            "ColorBorde": "#00BFFF",
            "CampoCalculado": false,
            "EsFecha": false,
            "ID": "18",
            "ColumnaOcultable": false,
            "TipoControlEdicion": "",
            "AnchoBorde": 1,
            "NombreCampoDialogosAux": "qty_shipped",
            "ColorTextoEncabezadoColumna": "#FFFFFF",
            "ValorTrueCampoBooleano": "",
            "OrdenColumna": "18",
            "Campo": "qty_shipped",
            "AlineacionColumna": "CENTER-RIGHT",
            "ColorBordeCeldaSeleccionada": "#00BFFF"
        },
        {
            "TipoDato": "INTEGER",
            "EsBooleano": false,
            "ColumnaTableView": true,
            "ColorFondo": "transparent",
            "AnchoColumna": 100,
            "AliasCampo": "qty_canceled",
            "ConValorDefecto": false,
            "KeyID": "0",
            "ValorDefecto": "",
            "ColorFondoEncabezadoColumna": "#004B55",
            "TipoControlFiltro": "",
            "NoNulo": false,
            "ColorTexto": "black",
            "EncabezadoColumna": "qty_canceled",
            "ColorBorde": "#00BFFF",
            "CampoCalculado": false,
            "EsFecha": false,
            "ID": "19",
            "ColumnaOcultable": false,
            "TipoControlEdicion": "",
            "AnchoBorde": 1,
            "NombreCampoDialogosAux": "qty_canceled",
            "ColorTextoEncabezadoColumna": "#FFFFFF",
            "ValorTrueCampoBooleano": "",
            "OrdenColumna": "19",
            "Campo": "qty_canceled",
            "AlineacionColumna": "CENTER-RIGHT",
            "ColorBordeCeldaSeleccionada": "#00BFFF"
        },
        {
            "TipoDato": "INTEGER",
            "EsBooleano": false,
            "ColumnaTableView": true,
            "ColorFondo": "transparent",
            "AnchoColumna": 100,
            "AliasCampo": "qty_invoiced",
            "ConValorDefecto": false,
            "KeyID": "0",
            "ValorDefecto": "",
            "ColorFondoEncabezadoColumna": "#004B55",
            "TipoControlFiltro": "",
            "NoNulo": false,
            "ColorTexto": "black",
            "EncabezadoColumna": "qty_invoiced",
            "ColorBorde": "#00BFFF",
            "CampoCalculado": false,
            "EsFecha": false,
            "ID": "20",
            "ColumnaOcultable": false,
            "TipoControlEdicion": "",
            "AnchoBorde": 1,
            "NombreCampoDialogosAux": "qty_invoiced",
            "ColorTextoEncabezadoColumna": "#FFFFFF",
            "ValorTrueCampoBooleano": "",
            "OrdenColumna": "20",
            "Campo": "qty_invoiced",
            "AlineacionColumna": "CENTER-RIGHT",
            "ColorBordeCeldaSeleccionada": "#00BFFF"
        },
        {
            "TipoDato": "INTEGER",
            "EsBooleano": false,
            "ColumnaTableView": true,
            "ColorFondo": "transparent",
            "AnchoColumna": 100,
            "AliasCampo": "qty_refunded",
            "ConValorDefecto": false,
            "KeyID": "0",
            "ValorDefecto": "",
            "ColorFondoEncabezadoColumna": "#004B55",
            "TipoControlFiltro": "",
            "NoNulo": false,
            "ColorTexto": "black",
            "EncabezadoColumna": "qty_refunded",
            "ColorBorde": "#00BFFF",
            "CampoCalculado": false,
            "EsFecha": false,
            "ID": "21",
            "ColumnaOcultable": false,
            "TipoControlEdicion": "",
            "AnchoBorde": 1,
            "NombreCampoDialogosAux": "qty_refunded",
            "ColorTextoEncabezadoColumna": "#FFFFFF",
            "ValorTrueCampoBooleano": "",
            "OrdenColumna": "21",
            "Campo": "qty_refunded",
            "AlineacionColumna": "CENTER-RIGHT",
            "ColorBordeCeldaSeleccionada": "#00BFFF"
        },
        {
            "TipoDato": "INTEGER",
            "EsBooleano": false,
            "ColumnaTableView": true,
            "ColorFondo": "transparent",
            "AnchoColumna": 100,
            "AliasCampo": "base_row_total",
            "ConValorDefecto": false,
            "KeyID": "0",
            "ValorDefecto": "",
            "ColorFondoEncabezadoColumna": "#004B55",
            "TipoControlFiltro": "",
            "NoNulo": false,
            "ColorTexto": "black",
            "EncabezadoColumna": "base_row_total",
            "ColorBorde": "#00BFFF",
            "CampoCalculado": false,
            "EsFecha": false,
            "ID": "22",
            "ColumnaOcultable": false,
            "TipoControlEdicion": "",
            "AnchoBorde": 1,
            "NombreCampoDialogosAux": "base_row_total",
            "ColorTextoEncabezadoColumna": "#FFFFFF",
            "ValorTrueCampoBooleano": "",
            "OrdenColumna": "22",
            "Campo": "base_row_total",
            "AlineacionColumna": "CENTER-RIGHT",
            "ColorBordeCeldaSeleccionada": "#00BFFF"
        },
        {
            "TipoDato": "INTEGER",
            "EsBooleano": false,
            "ColumnaTableView": true,
            "ColorFondo": "transparent",
            "AnchoColumna": 100,
            "AliasCampo": "row_total",
            "ConValorDefecto": false,
            "KeyID": "0",
            "ValorDefecto": "",
            "ColorFondoEncabezadoColumna": "#004B55",
            "TipoControlFiltro": "",
            "NoNulo": false,
            "ColorTexto": "black",
            "EncabezadoColumna": "row_total",
            "ColorBorde": "#00BFFF",
            "CampoCalculado": false,
            "EsFecha": false,
            "ID": "23",
            "ColumnaOcultable": false,
            "TipoControlEdicion": "",
            "AnchoBorde": 1,
            "NombreCampoDialogosAux": "row_total",
            "ColorTextoEncabezadoColumna": "#FFFFFF",
            "ValorTrueCampoBooleano": "",
            "OrdenColumna": "23",
            "Campo": "row_total",
            "AlineacionColumna": "CENTER-RIGHT",
            "ColorBordeCeldaSeleccionada": "#00BFFF"
        },
        {
            "TipoDato": "INTEGER",
            "EsBooleano": false,
            "ColumnaTableView": true,
            "ColorFondo": "transparent",
            "AnchoColumna": 100,
            "AliasCampo": "row_invoiced",
            "ConValorDefecto": false,
            "KeyID": "0",
            "ValorDefecto": "",
            "ColorFondoEncabezadoColumna": "#004B55",
            "TipoControlFiltro": "",
            "NoNulo": false,
            "ColorTexto": "black",
            "EncabezadoColumna": "row_invoiced",
            "ColorBorde": "#00BFFF",
            "CampoCalculado": false,
            "EsFecha": false,
            "ID": "24",
            "ColumnaOcultable": false,
            "TipoControlEdicion": "",
            "AnchoBorde": 1,
            "NombreCampoDialogosAux": "row_invoiced",
            "ColorTextoEncabezadoColumna": "#FFFFFF",
            "ValorTrueCampoBooleano": "",
            "OrdenColumna": "24",
            "Campo": "row_invoiced",
            "AlineacionColumna": "CENTER-RIGHT",
            "ColorBordeCeldaSeleccionada": "#00BFFF"
        },
        {
            "TipoDato": "INTEGER",
            "EsBooleano": false,
            "ColumnaTableView": true,
            "ColorFondo": "transparent",
            "AnchoColumna": 100,
            "AliasCampo": "discount_amount",
            "ConValorDefecto": false,
            "KeyID": "0",
            "ValorDefecto": "",
            "ColorFondoEncabezadoColumna": "#004B55",
            "TipoControlFiltro": "",
            "NoNulo": false,
            "ColorTexto": "black",
            "EncabezadoColumna": "discount_amount",
            "ColorBorde": "#00BFFF",
            "CampoCalculado": false,
            "EsFecha": false,
            "ID": "25",
            "ColumnaOcultable": false,
            "TipoControlEdicion": "",
            "AnchoBorde": 1,
            "NombreCampoDialogosAux": "discount_amount",
            "ColorTextoEncabezadoColumna": "#FFFFFF",
            "ValorTrueCampoBooleano": "",
            "OrdenColumna": "25",
            "Campo": "discount_amount",
            "AlineacionColumna": "CENTER-RIGHT",
            "ColorBordeCeldaSeleccionada": "#00BFFF"
        },
        {
            "TipoDato": "INTEGER",
            "EsBooleano": false,
            "ColumnaTableView": true,
            "ColorFondo": "transparent",
            "AnchoColumna": 100,
            "AliasCampo": "base_row_invoiced",
            "ConValorDefecto": false,
            "KeyID": "0",
            "ValorDefecto": "",
            "ColorFondoEncabezadoColumna": "#004B55",
            "TipoControlFiltro": "",
            "NoNulo": false,
            "ColorTexto": "black",
            "EncabezadoColumna": "base_row_invoiced",
            "ColorBorde": "#00BFFF",
            "CampoCalculado": false,
            "EsFecha": false,
            "ID": "26",
            "ColumnaOcultable": false,
            "TipoControlEdicion": "",
            "AnchoBorde": 1,
            "NombreCampoDialogosAux": "base_row_invoiced",
            "ColorTextoEncabezadoColumna": "#FFFFFF",
            "ValorTrueCampoBooleano": "",
            "OrdenColumna": "26",
            "Campo": "base_row_invoiced",
            "AlineacionColumna": "CENTER-RIGHT",
            "ColorBordeCeldaSeleccionada": "#00BFFF"
        },
        {
            "TipoDato": "INTEGER",
            "EsBooleano": false,
            "ColumnaTableView": true,
            "ColorFondo": "transparent",
            "AnchoColumna": 100,
            "AliasCampo": "is_qty_decimal",
            "ConValorDefecto": false,
            "KeyID": "0",
            "ValorDefecto": "",
            "ColorFondoEncabezadoColumna": "#004B55",
            "TipoControlFiltro": "",
            "NoNulo": false,
            "ColorTexto": "black",
            "EncabezadoColumna": "is_qty_decimal",
            "ColorBorde": "#00BFFF",
            "CampoCalculado": false,
            "EsFecha": false,
            "ID": "27",
            "ColumnaOcultable": false,
            "TipoControlEdicion": "",
            "AnchoBorde": 1,
            "NombreCampoDialogosAux": "is_qty_decimal",
            "ColorTextoEncabezadoColumna": "#FFFFFF",
            "ValorTrueCampoBooleano": "",
            "OrdenColumna": "27",
            "Campo": "is_qty_decimal",
            "AlineacionColumna": "CENTER-RIGHT",
            "ColorBordeCeldaSeleccionada": "#00BFFF"
        }
    ],
    "PuertoJRDC": ""
}