{
    "TipoOrigenDatos": "SQLite Table",
    "FechaUltimaModificacion": 1662650816368,
    "ColorFondoPanelItemsImpares": "#EEEEEE",
    "ParametrosJRDC": "null",
    "ColorTextoPanelInfo": "#000000",
    "IpJRDC": "",
    "AnchoBordeItems": 0,
    "ColorFondoEncabezados": "#687684",
    "ColorFondoPanelItemsPares": "#E2E2E2",
    "ComandoJRDC": "",
    "ColorTextoEncabezados": "#FFFFFF",
    "ColorFondoPanelInfo": "#FFF8C3",
    "Items": [
        {
            "TipoDato": "INTEGER",
            "EsBooleano": false,
            "AliasCampo": "IDAnalisisTarifas",
            "ConValorDefecto": false,
            "KeyID": "1",
            "ValorDefecto": "",
            "ValorTrueCampoBooleano": "",
            "TipoControlFiltro": "",
            "NoNulo": false,
            "Campo": "IDAnalisisTarifas",
            "CampoCalculado": false,
            "EsFecha": false,
            "ID": "0"
        },
        {
            "TipoDato": "INTEGER",
            "EsBooleano": false,
            "AliasCampo": "TipoTarifa",
            "ConValorDefecto": false,
            "KeyID": "2",
            "ValorDefecto": "",
            "ValorTrueCampoBooleano": "",
            "TipoControlFiltro": "TextField",
            "NoNulo": false,
            "Campo": "TipoTarifa",
            "CampoCalculado": false,
            "EsFecha": false,
            "ID": "1"
        },
        {
            "TipoDato": "TEXT",
            "EsBooleano": false,
            "AliasCampo": "CodigoTarifa",
            "ConValorDefecto": false,
            "KeyID": "3",
            "ValorDefecto": "",
            "ValorTrueCampoBooleano": "",
            "TipoControlFiltro": "TextField",
            "NoNulo": false,
            "Campo": "CodigoTarifa",
            "CampoCalculado": false,
            "EsFecha": false,
            "ID": "2"
        },
        {
            "TipoDato": "TEXT",
            "EsBooleano": false,
            "AliasCampo": "Articulo",
            "ConValorDefecto": false,
            "KeyID": "4",
            "ValorDefecto": "",
            "ValorTrueCampoBooleano": "",
            "TipoControlFiltro": "TextField",
            "NoNulo": false,
            "Campo": "Articulo",
            "CampoCalculado": false,
            "EsFecha": false,
            "ID": "3"
        },
        {
            "TipoDato": "TEXT",
            "EsBooleano": false,
            "AliasCampo": "DescripcionArticulo",
            "ConValorDefecto": false,
            "KeyID": "0",
            "ValorDefecto": "",
            "ValorTrueCampoBooleano": "",
            "TipoControlFiltro": "TextField",
            "NoNulo": false,
            "Campo": "DescripcionArticulo",
            "CampoCalculado": false,
            "EsFecha": false,
            "ID": "4"
        },
        {
            "TipoDato": "REAL",
            "EsBooleano": false,
            "AliasCampo": "QtyVentasAnual",
            "ConValorDefecto": false,
            "KeyID": "0",
            "ValorDefecto": "",
            "ValorTrueCampoBooleano": "",
            "TipoControlFiltro": "TextField",
            "NoNulo": false,
            "Campo": "QtyVentasAnual",
            "CampoCalculado": false,
            "EsFecha": false,
            "ID": "5"
        },
        {
            "TipoDato": "REAL",
            "EsBooleano": false,
            "AliasCampo": "PrecioVenta",
            "ConValorDefecto": false,
            "KeyID": "0",
            "ValorDefecto": "",
            "ValorTrueCampoBooleano": "",
            "TipoControlFiltro": "TextField",
            "NoNulo": false,
            "Campo": "PrecioVenta",
            "CampoCalculado": false,
            "EsFecha": false,
            "ID": "6"
        },
        {
            "TipoDato": "TEXT",
            "EsBooleano": false,
            "AliasCampo": "DivisaVenta",
            "ConValorDefecto": false,
            "KeyID": "0",
            "ValorDefecto": "",
            "ValorTrueCampoBooleano": "",
            "TipoControlFiltro": "ComboBox",
            "NoNulo": false,
            "Campo": "DivisaVenta",
            "CampoCalculado": false,
            "EsFecha": false,
            "ID": "7"
        },
        {
            "TipoDato": "REAL",
            "EsBooleano": false,
            "AliasCampo": "TipoCambioVenta",
            "ConValorDefecto": false,
            "KeyID": "0",
            "ValorDefecto": "",
            "ValorTrueCampoBooleano": "",
            "TipoControlFiltro": "",
            "NoNulo": false,
            "Campo": "TipoCambioVenta",
            "CampoCalculado": false,
            "EsFecha": false,
            "ID": "8"
        },
        {
            "TipoDato": "REAL",
            "EsBooleano": false,
            "AliasCampo": "PrecioEUR",
            "ConValorDefecto": false,
            "KeyID": "0",
            "ValorDefecto": "",
            "ValorTrueCampoBooleano": "",
            "TipoControlFiltro": "TextField",
            "NoNulo": false,
            "Campo": "PrecioEUR",
            "CampoCalculado": false,
            "EsFecha": false,
            "ID": "9"
        },
        {
            "TipoDato": "REAL",
            "EsBooleano": false,
            "AliasCampo": "CosteArticulo",
            "ConValorDefecto": false,
            "KeyID": "0",
            "ValorDefecto": "",
            "ValorTrueCampoBooleano": "",
            "TipoControlFiltro": "TextField",
            "NoNulo": false,
            "Campo": "CosteArticulo",
            "CampoCalculado": false,
            "EsFecha": false,
            "ID": "10"
        },
        {
            "TipoDato": "TEXT",
            "EsBooleano": false,
            "AliasCampo": "DivisaCoste",
            "ConValorDefecto": false,
            "KeyID": "0",
            "ValorDefecto": "",
            "ValorTrueCampoBooleano": "",
            "TipoControlFiltro": "ComboBox",
            "NoNulo": false,
            "Campo": "DivisaCoste",
            "CampoCalculado": false,
            "EsFecha": false,
            "ID": "11"
        },
        {
            "TipoDato": "REAL",
            "EsBooleano": false,
            "AliasCampo": "TipoCambioCoste",
            "ConValorDefecto": false,
            "KeyID": "0",
            "ValorDefecto": "",
            "ValorTrueCampoBooleano": "",
            "TipoControlFiltro": "",
            "NoNulo": false,
            "Campo": "TipoCambioCoste",
            "CampoCalculado": false,
            "EsFecha": false,
            "ID": "12"
        },
        {
            "TipoDato": "REAL",
            "EsBooleano": false,
            "AliasCampo": "CosteEUR",
            "ConValorDefecto": false,
            "KeyID": "0",
            "ValorDefecto": "",
            "ValorTrueCampoBooleano": "",
            "TipoControlFiltro": "TextField",
            "NoNulo": false,
            "Campo": "CosteEUR",
            "CampoCalculado": false,
            "EsFecha": false,
            "ID": "13"
        },
        {
            "TipoDato": "TEXT",
            "EsBooleano": false,
            "AliasCampo": "Proveedor",
            "ConValorDefecto": false,
            "KeyID": "0",
            "ValorDefecto": "",
            "ValorTrueCampoBooleano": "",
            "TipoControlFiltro": "TextField",
            "NoNulo": false,
            "Campo": "Proveedor",
            "CampoCalculado": false,
            "EsFecha": false,
            "ID": "14"
        },
        {
            "TipoDato": "TEXT",
            "EsBooleano": false,
            "AliasCampo": "NombreProveedor",
            "ConValorDefecto": false,
            "KeyID": "0",
            "ValorDefecto": "",
            "ValorTrueCampoBooleano": "",
            "TipoControlFiltro": "TextField",
            "NoNulo": false,
            "Campo": "NombreProveedor",
            "CampoCalculado": false,
            "EsFecha": false,
            "ID": "15"
        },
        {
            "TipoDato": "TEXT",
            "EsBooleano": false,
            "AliasCampo": "TipoCosteArticulo",
            "ConValorDefecto": false,
            "KeyID": "0",
            "ValorDefecto": "",
            "ValorTrueCampoBooleano": "",
            "TipoControlFiltro": "ComboBox",
            "NoNulo": false,
            "Campo": "TipoCosteArticulo",
            "CampoCalculado": false,
            "EsFecha": false,
            "ID": "16"
        },
        {
            "TipoDato": "REAL",
            "EsBooleano": false,
            "AliasCampo": "PorMargensVta",
            "ConValorDefecto": false,
            "KeyID": "0",
            "ValorDefecto": "",
            "ValorTrueCampoBooleano": "",
            "TipoControlFiltro": "TextField",
            "NoNulo": false,
            "Campo": "PorMargensVta",
            "CampoCalculado": false,
            "EsFecha": false,
            "ID": "17"
        },
        {
            "TipoDato": "REAL",
            "EsBooleano": false,
            "AliasCampo": "ImporteMargenSVtaInd",
            "ConValorDefecto": false,
            "KeyID": "0",
            "ValorDefecto": "",
            "ValorTrueCampoBooleano": "",
            "TipoControlFiltro": "TextField",
            "NoNulo": false,
            "Campo": "ImporteMargenSVtaInd",
            "CampoCalculado": false,
            "EsFecha": false,
            "ID": "18"
        },
        {
            "TipoDato": "REAL",
            "EsBooleano": false,
            "AliasCampo": "ImporteMargenSVtaLinea",
            "ConValorDefecto": false,
            "KeyID": "0",
            "ValorDefecto": "",
            "ValorTrueCampoBooleano": "",
            "TipoControlFiltro": "TextField",
            "NoNulo": false,
            "Campo": "ImporteMargenSVtaLinea",
            "CampoCalculado": false,
            "EsFecha": false,
            "ID": "19"
        },
        {
            "TipoDato": "TEXT",
            "EsBooleano": false,
            "AliasCampo": "TipoVariacion",
            "ConValorDefecto": false,
            "KeyID": "0",
            "ValorDefecto": "",
            "ValorTrueCampoBooleano": "",
            "TipoControlFiltro": "ComboBox",
            "NoNulo": false,
            "Campo": "TipoVariacion",
            "CampoCalculado": false,
            "EsFecha": false,
            "ID": "20"
        },
        {
            "TipoDato": "REAL",
            "EsBooleano": false,
            "AliasCampo": "DatoVariacion",
            "ConValorDefecto": false,
            "KeyID": "0",
            "ValorDefecto": "",
            "ValorTrueCampoBooleano": "",
            "TipoControlFiltro": "TextField",
            "NoNulo": false,
            "Campo": "DatoVariacion",
            "CampoCalculado": false,
            "EsFecha": false,
            "ID": "21"
        },
        {
            "TipoDato": "REAL",
            "EsBooleano": false,
            "AliasCampo": "NuevoPrecio",
            "ConValorDefecto": false,
            "KeyID": "0",
            "ValorDefecto": "",
            "ValorTrueCampoBooleano": "",
            "TipoControlFiltro": "TextField",
            "NoNulo": false,
            "Campo": "NuevoPrecio",
            "CampoCalculado": false,
            "EsFecha": false,
            "ID": "22"
        },
        {
            "TipoDato": "REAL",
            "EsBooleano": false,
            "AliasCampo": "NuevoPrecioEUR",
            "ConValorDefecto": false,
            "KeyID": "0",
            "ValorDefecto": "",
            "ValorTrueCampoBooleano": "",
            "TipoControlFiltro": "TextField",
            "NoNulo": false,
            "Campo": "NuevoPrecioEUR",
            "CampoCalculado": false,
            "EsFecha": false,
            "ID": "23"
        },
        {
            "TipoDato": "REAL",
            "EsBooleano": false,
            "AliasCampo": "NuevoPorMargenSVta",
            "ConValorDefecto": false,
            "KeyID": "0",
            "ValorDefecto": "",
            "ValorTrueCampoBooleano": "",
            "TipoControlFiltro": "TextField",
            "NoNulo": false,
            "Campo": "NuevoPorMargenSVta",
            "CampoCalculado": false,
            "EsFecha": false,
            "ID": "24"
        },
        {
            "TipoDato": "REAL",
            "EsBooleano": false,
            "AliasCampo": "NuevoImporteMargenSVtaInd",
            "ConValorDefecto": false,
            "KeyID": "0",
            "ValorDefecto": "",
            "ValorTrueCampoBooleano": "",
            "TipoControlFiltro": "TextField",
            "NoNulo": false,
            "Campo": "NuevoImporteMargenSVtaInd",
            "CampoCalculado": false,
            "EsFecha": false,
            "ID": "25"
        },
        {
            "TipoDato": "REAL",
            "EsBooleano": false,
            "AliasCampo": "NuevoImporteMargenSVtaLinea",
            "ConValorDefecto": false,
            "KeyID": "0",
            "ValorDefecto": "",
            "ValorTrueCampoBooleano": "",
            "TipoControlFiltro": "TextField",
            "NoNulo": false,
            "Campo": "NuevoImporteMargenSVtaLinea",
            "CampoCalculado": false,
            "EsFecha": false,
            "ID": "26"
        },
        {
            "TipoDato": "REAL",
            "EsBooleano": false,
            "AliasCampo": "PorVariacionMargenSVta",
            "ConValorDefecto": false,
            "KeyID": "0",
            "ValorDefecto": "",
            "ValorTrueCampoBooleano": "",
            "TipoControlFiltro": "TextField",
            "NoNulo": false,
            "Campo": "PorVariacionMargenSVta",
            "CampoCalculado": false,
            "EsFecha": false,
            "ID": "27"
        },
        {
            "TipoDato": "TEXT",
            "EsBooleano": false,
            "AliasCampo": "Status",
            "ConValorDefecto": false,
            "KeyID": "0",
            "ValorDefecto": "",
            "ValorTrueCampoBooleano": "",
            "TipoControlFiltro": "ComboBox",
            "NoNulo": false,
            "Campo": "Status",
            "CampoCalculado": false,
            "EsFecha": false,
            "ID": "28"
        },
        {
            "TipoDato": "TEXT",
            "EsBooleano": false,
            "AliasCampo": "DescripcionStatus",
            "ConValorDefecto": false,
            "KeyID": "0",
            "ValorDefecto": "",
            "ValorTrueCampoBooleano": "",
            "TipoControlFiltro": "TextField",
            "NoNulo": false,
            "Campo": "DescripcionStatus",
            "CampoCalculado": false,
            "EsFecha": false,
            "ID": "29"
        }
    ],
    "PuertoJRDC": "",
    "ColorBordeItems": "#808080"
}