{
    "TipoOrigenDatos": "SQLite Table",
    "FechaUltimaModificacion": 1706603365668,
    "ParametrosJRDC": "null",
    "ColorTextoPanelInfo": "#000000",
    "IpJRDC": "",
    "ColorFondoFilasImpares": "#FFFFFF",
    "ColorFondoEncabezados": "#004B55",
    "ComandoJRDC": "",
    "ColorTextoEncabezados": "#FFFFFF",
    "ColorFondoPanelInfo": "#FFF8C3",
    "ColorFondoFilasPares": "#F1F1F1",
    "Items": [
        {
            "TipoDato": "INTEGER",
            "EsBooleano": false,
            "ColumnaTableView": false,
            "ColorFondo": "transparent",
            "AnchoColumna": 100,
            "AliasCampo": "IDLinea",
            "ConValorDefecto": false,
            "KeyID": "1",
            "ValorDefecto": "",
            "ColorFondoEncabezadoColumna": "#004B55",
            "TipoControlFiltro": "",
            "NoNulo": false,
            "ColorTexto": "black",
            "EncabezadoColumna": "IDLinea",
            "ColorBorde": "#00BFFF",
            "CampoCalculado": false,
            "EsFecha": false,
            "ID": "0",
            "ColumnaOcultable": false,
            "TipoControlEdicion": "",
            "AnchoBorde": 1,
            "NombreCampoDialogosAux": "IDLinea",
            "ColorTextoEncabezadoColumna": "#FFFFFF",
            "ValorTrueCampoBooleano": "",
            "OrdenColumna": "-1",
            "Campo": "IDLinea",
            "AlineacionColumna": "CENTER-RIGHT",
            "ColorBordeCeldaSeleccionada": "#00BFFF"
        },
        {
            "TipoDato": "INTEGER",
            "EsBooleano": false,
            "ColumnaTableView": true,
            "ColorFondo": "transparent",
            "AnchoColumna": 100,
            "AliasCampo": "LineaPedido",
            "ConValorDefecto": false,
            "KeyID": "0",
            "ValorDefecto": "",
            "ColorFondoEncabezadoColumna": "#004B55",
            "TipoControlFiltro": "TextField",
            "NoNulo": false,
            "ColorTexto": "#000000",
            "EncabezadoColumna": "Lin.",
            "ColorBorde": "#00BFFF",
            "CampoCalculado": false,
            "EsFecha": false,
            "ID": "1",
            "ColumnaOcultable": false,
            "TipoControlEdicion": "",
            "AnchoBorde": 0.5,
            "NombreCampoDialogosAux": "LineaPedido",
            "ColorTextoEncabezadoColumna": "#FFFFFF",
            "ValorTrueCampoBooleano": "",
            "OrdenColumna": "0",
            "Campo": "LineaPedido",
            "AlineacionColumna": "CENTER-RIGHT",
            "ColorBordeCeldaSeleccionada": "#00BFFF"
        },
        {
            "TipoDato": "INTEGER",
            "EsBooleano": false,
            "ColumnaTableView": false,
            "ColorFondo": "transparent",
            "AnchoColumna": 100,
            "AliasCampo": "IDProductoB2B",
            "ConValorDefecto": false,
            "KeyID": "0",
            "ValorDefecto": "",
            "ColorFondoEncabezadoColumna": "#004B55",
            "TipoControlFiltro": "",
            "NoNulo": false,
            "ColorTexto": "black",
            "EncabezadoColumna": "IDProductoB2B",
            "ColorBorde": "#00BFFF",
            "CampoCalculado": false,
            "EsFecha": false,
            "ID": "2",
            "ColumnaOcultable": false,
            "TipoControlEdicion": "",
            "AnchoBorde": 1,
            "NombreCampoDialogosAux": "IDProductoB2B",
            "ColorTextoEncabezadoColumna": "#FFFFFF",
            "ValorTrueCampoBooleano": "",
            "OrdenColumna": "-1",
            "Campo": "IDProductoB2B",
            "AlineacionColumna": "CENTER-RIGHT",
            "ColorBordeCeldaSeleccionada": "#00BFFF"
        },
        {
            "TipoDato": "TEXT",
            "EsBooleano": false,
            "ColumnaTableView": false,
            "ColorFondo": "transparent",
            "AnchoColumna": 100,
            "AliasCampo": "TipoItem",
            "ConValorDefecto": false,
            "KeyID": "0",
            "ValorDefecto": "",
            "ColorFondoEncabezadoColumna": "#004B55",
            "TipoControlFiltro": "",
            "NoNulo": false,
            "ColorTexto": "black",
            "EncabezadoColumna": "TipoItem",
            "ColorBorde": "#00BFFF",
            "CampoCalculado": false,
            "EsFecha": false,
            "ID": "3",
            "ColumnaOcultable": false,
            "TipoControlEdicion": "",
            "AnchoBorde": 1,
            "NombreCampoDialogosAux": "TipoItem",
            "ColorTextoEncabezadoColumna": "#FFFFFF",
            "ValorTrueCampoBooleano": "",
            "OrdenColumna": "-1",
            "Campo": "TipoItem",
            "AlineacionColumna": "CENTER-LEFT",
            "ColorBordeCeldaSeleccionada": "#00BFFF"
        },
        {
            "TipoDato": "TEXT",
            "EsBooleano": false,
            "ColumnaTableView": true,
            "ColorFondo": "transparent",
            "AnchoColumna": 100,
            "AliasCampo": "ItemSKU",
            "ConValorDefecto": false,
            "KeyID": "0",
            "ValorDefecto": "",
            "ColorFondoEncabezadoColumna": "#004B55",
            "TipoControlFiltro": "",
            "NoNulo": false,
            "ColorTexto": "black",
            "EncabezadoColumna": "ItemSKU",
            "ColorBorde": "#00BFFF",
            "CampoCalculado": false,
            "EsFecha": false,
            "ID": "4",
            "ColumnaOcultable": false,
            "TipoControlEdicion": "",
            "AnchoBorde": 1,
            "NombreCampoDialogosAux": "ItemSKU",
            "ColorTextoEncabezadoColumna": "#FFFFFF",
            "ValorTrueCampoBooleano": "",
            "OrdenColumna": "1",
            "Campo": "ItemSKU",
            "AlineacionColumna": "CENTER-LEFT",
            "ColorBordeCeldaSeleccionada": "#00BFFF"
        },
        {
            "TipoDato": "TEXT",
            "EsBooleano": false,
            "ColumnaTableView": true,
            "ColorFondo": "transparent",
            "AnchoColumna": 100,
            "AliasCampo": "ItemParentSKU",
            "ConValorDefecto": false,
            "KeyID": "0",
            "ValorDefecto": "",
            "ColorFondoEncabezadoColumna": "#004B55",
            "TipoControlFiltro": "",
            "NoNulo": false,
            "ColorTexto": "black",
            "EncabezadoColumna": "ItemParentSKU",
            "ColorBorde": "#00BFFF",
            "CampoCalculado": false,
            "EsFecha": false,
            "ID": "5",
            "ColumnaOcultable": false,
            "TipoControlEdicion": "",
            "AnchoBorde": 1,
            "NombreCampoDialogosAux": "ItemParentSKU",
            "ColorTextoEncabezadoColumna": "#FFFFFF",
            "ValorTrueCampoBooleano": "",
            "OrdenColumna": "2",
            "Campo": "ItemParentSKU",
            "AlineacionColumna": "CENTER-LEFT",
            "ColorBordeCeldaSeleccionada": "#00BFFF"
        },
        {
            "TipoDato": "TEXT",
            "EsBooleano": false,
            "ColumnaTableView": true,
            "ColorFondo": "transparent",
            "AnchoColumna": 140,
            "AliasCampo": "CodigoArticuloNAV",
            "ConValorDefecto": false,
            "KeyID": "0",
            "ValorDefecto": "",
            "ColorFondoEncabezadoColumna": "#004B55",
            "TipoControlFiltro": "TextField",
            "NoNulo": false,
            "ColorTexto": "black",
            "EncabezadoColumna": "CodigoArticuloNAV",
            "ColorBorde": "#00BFFF",
            "CampoCalculado": false,
            "EsFecha": false,
            "ID": "6",
            "ColumnaOcultable": false,
            "TipoControlEdicion": "",
            "AnchoBorde": 1,
            "NombreCampoDialogosAux": "CodigoArticuloNAV",
            "ColorTextoEncabezadoColumna": "#FFFFFF",
            "ValorTrueCampoBooleano": "",
            "OrdenColumna": "3",
            "Campo": "CodigoArticuloNAV",
            "AlineacionColumna": "CENTER-LEFT",
            "ColorBordeCeldaSeleccionada": "#00BFFF"
        },
        {
            "TipoDato": "TEXT",
            "EsBooleano": false,
            "ColumnaTableView": true,
            "ColorFondo": "transparent",
            "AnchoColumna": 400,
            "AliasCampo": "DescripcionProductoB2B",
            "ConValorDefecto": false,
            "KeyID": "0",
            "ValorDefecto": "",
            "ColorFondoEncabezadoColumna": "#004B55",
            "TipoControlFiltro": "TextField",
            "NoNulo": false,
            "ColorTexto": "black",
            "EncabezadoColumna": "DescripcionProductoB2B",
            "ColorBorde": "#00BFFF",
            "CampoCalculado": false,
            "EsFecha": false,
            "ID": "7",
            "ColumnaOcultable": false,
            "TipoControlEdicion": "",
            "AnchoBorde": 1,
            "NombreCampoDialogosAux": "DescripcionProductoB2B",
            "ColorTextoEncabezadoColumna": "#FFFFFF",
            "ValorTrueCampoBooleano": "",
            "OrdenColumna": "4",
            "Campo": "DescripcionProductoB2B",
            "AlineacionColumna": "CENTER-LEFT",
            "ColorBordeCeldaSeleccionada": "#00BFFF"
        },
        {
            "TipoDato": "TEXT",
            "EsBooleano": false,
            "ColumnaTableView": true,
            "ColorFondo": "transparent",
            "AnchoColumna": 100,
            "AliasCampo": "TallaB2B",
            "ConValorDefecto": false,
            "KeyID": "0",
            "ValorDefecto": "",
            "ColorFondoEncabezadoColumna": "#004B55",
            "TipoControlFiltro": "TextField",
            "NoNulo": false,
            "ColorTexto": "black",
            "EncabezadoColumna": "TallaB2B",
            "ColorBorde": "#00BFFF",
            "CampoCalculado": false,
            "EsFecha": false,
            "ID": "8",
            "ColumnaOcultable": false,
            "TipoControlEdicion": "",
            "AnchoBorde": 1,
            "NombreCampoDialogosAux": "TallaB2B",
            "ColorTextoEncabezadoColumna": "#FFFFFF",
            "ValorTrueCampoBooleano": "",
            "OrdenColumna": "5",
            "Campo": "TallaB2B",
            "AlineacionColumna": "CENTER-LEFT",
            "ColorBordeCeldaSeleccionada": "#00BFFF"
        },
        {
            "TipoDato": "INTEGER",
            "EsBooleano": false,
            "ColumnaTableView": true,
            "ColorFondo": "transparent",
            "AnchoColumna": 100,
            "AliasCampo": "QtyPedida",
            "ConValorDefecto": false,
            "KeyID": "0",
            "ValorDefecto": "",
            "ColorFondoEncabezadoColumna": "#004B55",
            "TipoControlFiltro": "TextField",
            "NoNulo": false,
            "ColorTexto": "black",
            "EncabezadoColumna": "QtyPedida",
            "ColorBorde": "#00BFFF",
            "CampoCalculado": false,
            "EsFecha": false,
            "ID": "9",
            "ColumnaOcultable": false,
            "TipoControlEdicion": "",
            "AnchoBorde": 1,
            "NombreCampoDialogosAux": "QtyPedida",
            "ColorTextoEncabezadoColumna": "#FFFFFF",
            "ValorTrueCampoBooleano": "",
            "OrdenColumna": "6",
            "Campo": "QtyPedida",
            "AlineacionColumna": "CENTER-RIGHT",
            "ColorBordeCeldaSeleccionada": "#00BFFF"
        },
        {
            "TipoDato": "TEXT",
            "EsBooleano": false,
            "ColumnaTableView": true,
            "ColorFondo": "transparent",
            "AnchoColumna": 100,
            "AliasCampo": "UOMB2B",
            "ConValorDefecto": false,
            "KeyID": "0",
            "ValorDefecto": "",
            "ColorFondoEncabezadoColumna": "#004B55",
            "TipoControlFiltro": "TextField",
            "NoNulo": false,
            "ColorTexto": "black",
            "EncabezadoColumna": "UOMB2B",
            "ColorBorde": "#00BFFF",
            "CampoCalculado": false,
            "EsFecha": false,
            "ID": "10",
            "ColumnaOcultable": false,
            "TipoControlEdicion": "",
            "AnchoBorde": 1,
            "NombreCampoDialogosAux": "UOMB2B",
            "ColorTextoEncabezadoColumna": "#FFFFFF",
            "ValorTrueCampoBooleano": "",
            "OrdenColumna": "7",
            "Campo": "UOMB2B",
            "AlineacionColumna": "CENTER-LEFT",
            "ColorBordeCeldaSeleccionada": "#00BFFF"
        },
        {
            "TipoDato": "INTEGER",
            "EsBooleano": false,
            "ColumnaTableView": true,
            "ColorFondo": "transparent",
            "AnchoColumna": 100,
            "AliasCampo": "QtyEnviada",
            "ConValorDefecto": false,
            "KeyID": "0",
            "ValorDefecto": "",
            "ColorFondoEncabezadoColumna": "#004B55",
            "TipoControlFiltro": "TextField",
            "NoNulo": false,
            "ColorTexto": "black",
            "EncabezadoColumna": "QtyEnviada",
            "ColorBorde": "#00BFFF",
            "CampoCalculado": false,
            "EsFecha": false,
            "ID": "11",
            "ColumnaOcultable": false,
            "TipoControlEdicion": "",
            "AnchoBorde": 1,
            "NombreCampoDialogosAux": "QtyEnviada",
            "ColorTextoEncabezadoColumna": "#FFFFFF",
            "ValorTrueCampoBooleano": "",
            "OrdenColumna": "8",
            "Campo": "QtyEnviada",
            "AlineacionColumna": "CENTER-RIGHT",
            "ColorBordeCeldaSeleccionada": "#00BFFF"
        },
        {
            "TipoDato": "INTEGER",
            "EsBooleano": false,
            "ColumnaTableView": true,
            "ColorFondo": "transparent",
            "AnchoColumna": 100,
            "AliasCampo": "QtyPteEnviar",
            "ConValorDefecto": false,
            "KeyID": "0",
            "ValorDefecto": "",
            "ColorFondoEncabezadoColumna": "#004B55",
            "TipoControlFiltro": "TextField",
            "NoNulo": false,
            "ColorTexto": "#000000",
            "EncabezadoColumna": "QtyPteEnviar",
            "ColorBorde": "#00BFFF",
            "CampoCalculado": false,
            "EsFecha": false,
            "ID": "12",
            "ColumnaOcultable": false,
            "TipoControlEdicion": "",
            "AnchoBorde": 0.5,
            "NombreCampoDialogosAux": "QtyPteEnviar",
            "ColorTextoEncabezadoColumna": "#FFFFFF",
            "ValorTrueCampoBooleano": "",
            "OrdenColumna": "9",
            "Campo": "QtyPteEnviar",
            "AlineacionColumna": "CENTER-RIGHT",
            "ColorBordeCeldaSeleccionada": "#00BFFF"
        },
        {
            "TipoDato": "INTEGER",
            "EsBooleano": false,
            "ColumnaTableView": true,
            "ColorFondo": "transparent",
            "AnchoColumna": 100,
            "AliasCampo": "QtyFacturada",
            "ConValorDefecto": false,
            "KeyID": "0",
            "ValorDefecto": "",
            "ColorFondoEncabezadoColumna": "#004B55",
            "TipoControlFiltro": "TextField",
            "NoNulo": false,
            "ColorTexto": "black",
            "EncabezadoColumna": "QtyFacturada",
            "ColorBorde": "#00BFFF",
            "CampoCalculado": false,
            "EsFecha": false,
            "ID": "13",
            "ColumnaOcultable": false,
            "TipoControlEdicion": "",
            "AnchoBorde": 1,
            "NombreCampoDialogosAux": "QtyFacturada",
            "ColorTextoEncabezadoColumna": "#FFFFFF",
            "ValorTrueCampoBooleano": "",
            "OrdenColumna": "10",
            "Campo": "QtyFacturada",
            "AlineacionColumna": "CENTER-RIGHT",
            "ColorBordeCeldaSeleccionada": "#00BFFF"
        },
        {
            "TipoDato": "INTEGER",
            "EsBooleano": false,
            "ColumnaTableView": true,
            "ColorFondo": "transparent",
            "AnchoColumna": 100,
            "AliasCampo": "QtyEnviadaPteFacturar",
            "ConValorDefecto": false,
            "KeyID": "0",
            "ValorDefecto": "",
            "ColorFondoEncabezadoColumna": "#004B55",
            "TipoControlFiltro": "TextField",
            "NoNulo": false,
            "ColorTexto": "#000000",
            "EncabezadoColumna": "QtyEnviadaPteFacturar",
            "ColorBorde": "#00BFFF",
            "CampoCalculado": false,
            "EsFecha": false,
            "ID": "14",
            "ColumnaOcultable": false,
            "TipoControlEdicion": "",
            "AnchoBorde": 0.5,
            "NombreCampoDialogosAux": "QtyEnviadaPteFacturar",
            "ColorTextoEncabezadoColumna": "#FFFFFF",
            "ValorTrueCampoBooleano": "",
            "OrdenColumna": "11",
            "Campo": "QtyEnviadaPteFacturar",
            "AlineacionColumna": "CENTER-RIGHT",
            "ColorBordeCeldaSeleccionada": "#00BFFF"
        },
        {
            "TipoDato": "REAL",
            "EsBooleano": false,
            "ColumnaTableView": true,
            "ColorFondo": "transparent",
            "AnchoColumna": 100,
            "AliasCampo": "Precio",
            "ConValorDefecto": false,
            "KeyID": "0",
            "ValorDefecto": "",
            "ColorFondoEncabezadoColumna": "#004B55",
            "TipoControlFiltro": "TextField",
            "NoNulo": false,
            "ColorTexto": "black",
            "EncabezadoColumna": "Precio",
            "ColorBorde": "#00BFFF",
            "CampoCalculado": false,
            "EsFecha": false,
            "ID": "15",
            "ColumnaOcultable": false,
            "TipoControlEdicion": "",
            "AnchoBorde": 1,
            "NombreCampoDialogosAux": "Precio",
            "ColorTextoEncabezadoColumna": "#FFFFFF",
            "ValorTrueCampoBooleano": "",
            "OrdenColumna": "12",
            "Campo": "Precio",
            "AlineacionColumna": "CENTER-RIGHT",
            "ColorBordeCeldaSeleccionada": "#00BFFF"
        },
        {
            "TipoDato": "REAL",
            "EsBooleano": false,
            "ColumnaTableView": true,
            "ColorFondo": "transparent",
            "AnchoColumna": 100,
            "AliasCampo": "TipoIVA",
            "ConValorDefecto": false,
            "KeyID": "0",
            "ValorDefecto": "",
            "ColorFondoEncabezadoColumna": "#004B55",
            "TipoControlFiltro": "TextField",
            "NoNulo": false,
            "ColorTexto": "black",
            "EncabezadoColumna": "TipoIVA",
            "ColorBorde": "#00BFFF",
            "CampoCalculado": false,
            "EsFecha": false,
            "ID": "16",
            "ColumnaOcultable": false,
            "TipoControlEdicion": "",
            "AnchoBorde": 1,
            "NombreCampoDialogosAux": "TipoIVA",
            "ColorTextoEncabezadoColumna": "#FFFFFF",
            "ValorTrueCampoBooleano": "",
            "OrdenColumna": "13",
            "Campo": "TipoIVA",
            "AlineacionColumna": "CENTER-RIGHT",
            "ColorBordeCeldaSeleccionada": "#00BFFF"
        },
        {
            "TipoDato": "REAL",
            "EsBooleano": false,
            "ColumnaTableView": true,
            "ColorFondo": "transparent",
            "AnchoColumna": 100,
            "AliasCampo": "ImporteIVA",
            "ConValorDefecto": false,
            "KeyID": "0",
            "ValorDefecto": "",
            "ColorFondoEncabezadoColumna": "#004B55",
            "TipoControlFiltro": "TextField",
            "NoNulo": false,
            "ColorTexto": "black",
            "EncabezadoColumna": "ImporteIVA",
            "ColorBorde": "#00BFFF",
            "CampoCalculado": false,
            "EsFecha": false,
            "ID": "17",
            "ColumnaOcultable": false,
            "TipoControlEdicion": "",
            "AnchoBorde": 1,
            "NombreCampoDialogosAux": "ImporteIVA",
            "ColorTextoEncabezadoColumna": "#FFFFFF",
            "ValorTrueCampoBooleano": "",
            "OrdenColumna": "14",
            "Campo": "ImporteIVA",
            "AlineacionColumna": "CENTER-RIGHT",
            "ColorBordeCeldaSeleccionada": "#00BFFF"
        },
        {
            "TipoDato": "TEXT",
            "EsBooleano": false,
            "ColumnaTableView": true,
            "ColorFondo": "transparent",
            "AnchoColumna": 100,
            "AliasCampo": "UNSPSC",
            "ConValorDefecto": false,
            "KeyID": "0",
            "ValorDefecto": "",
            "ColorFondoEncabezadoColumna": "#004B55",
            "TipoControlFiltro": "TextField",
            "NoNulo": false,
            "ColorTexto": "black",
            "EncabezadoColumna": "UNSPSC",
            "ColorBorde": "#00BFFF",
            "CampoCalculado": false,
            "EsFecha": false,
            "ID": "18",
            "ColumnaOcultable": false,
            "TipoControlEdicion": "",
            "AnchoBorde": 1,
            "NombreCampoDialogosAux": "UNSPSC",
            "ColorTextoEncabezadoColumna": "#FFFFFF",
            "ValorTrueCampoBooleano": "",
            "OrdenColumna": "15",
            "Campo": "UNSPSC",
            "AlineacionColumna": "CENTER-LEFT",
            "ColorBordeCeldaSeleccionada": "#00BFFF"
        }
    ],
    "PuertoJRDC": ""
}