{
    "TipoOrigenDatos": "Manual",
    "FechaUltimaModificacion": 1647613578325,
    "ParametrosJRDC": "null",
    "ColorTextoPanelInfo": "#000000",
    "IpJRDC": "",
    "ColorFondoFilasImpares": "#FFFFFF",
    "ColorFondoEncabezados": "#004B55",
    "ComandoJRDC": "",
    "ColorTextoEncabezados": "#FFFFFF",
    "ColorFondoPanelInfo": "#FFF8C3",
    "ColorFondoFilasPares": "#F1F1F1",
    "Items": [
        {
            "TipoDato": "REAL",
            "EsBooleano": false,
            "ColumnaTableView": true,
            "ColorFondo": "transparent",
            "AnchoColumna": 100,
            "AliasCampo": "FechaEstadoEnvio",
            "ConValorDefecto": false,
            "KeyID": "0",
            "ValorDefecto": "",
            "ColorFondoEncabezadoColumna": "#004B55",
            "TipoControlFiltro": "TextFieldBtn",
            "NoNulo": false,
            "ColorTexto": "black",
            "EncabezadoColumna": "FechaExpedicion",
            "ColorBorde": "#00BFFF",
            "CampoCalculado": false,
            "EsFecha": true,
            "ID": "0",
            "ColumnaOcultable": false,
            "TipoControlEdicion": "",
            "AnchoBorde": 1,
            "ColorTextoEncabezadoColumna": "#FFFFFF",
            "ValorTrueCampoBooleano": "",
            "OrdenColumna": "0",
            "Campo": "FechaEstadoEnvio",
            "AlineacionColumna": "CENTER_LEFT",
            "ColorBordeCeldaSeleccionada": "#00BFFF"
        },
        {
            "TipoDato": "TEXT",
            "EsBooleano": false,
            "ColumnaTableView": true,
            "ColorFondo": "transparent",
            "AnchoColumna": 150,
            "AliasCampo": "NumEnvio",
            "ConValorDefecto": false,
            "KeyID": "1",
            "ValorDefecto": "",
            "ColorFondoEncabezadoColumna": "#004B55",
            "TipoControlFiltro": "",
            "NoNulo": false,
            "ColorTexto": "black",
            "EncabezadoColumna": "NumEnvio",
            "ColorBorde": "#00BFFF",
            "CampoCalculado": false,
            "EsFecha": false,
            "ID": "1",
            "ColumnaOcultable": false,
            "TipoControlEdicion": "",
            "AnchoBorde": 1,
            "ColorTextoEncabezadoColumna": "#FFFFFF",
            "ValorTrueCampoBooleano": "",
            "OrdenColumna": "1",
            "Campo": "NumEnvio",
            "AlineacionColumna": "CENTER_LEFT",
            "ColorBordeCeldaSeleccionada": "#00BFFF"
        },
        {
            "TipoDato": "TEXT",
            "EsBooleano": false,
            "ColumnaTableView": true,
            "ColorFondo": "transparent",
            "AnchoColumna": 100,
            "AliasCampo": "Referencia",
            "ConValorDefecto": false,
            "KeyID": "0",
            "ValorDefecto": "",
            "ColorFondoEncabezadoColumna": "#004B55",
            "TipoControlFiltro": "TextField",
            "NoNulo": false,
            "ColorTexto": "black",
            "EncabezadoColumna": "Referencia",
            "ColorBorde": "#00BFFF",
            "CampoCalculado": false,
            "EsFecha": false,
            "ID": "2",
            "ColumnaOcultable": false,
            "TipoControlEdicion": "",
            "AnchoBorde": 1,
            "ColorTextoEncabezadoColumna": "#FFFFFF",
            "ValorTrueCampoBooleano": "",
            "OrdenColumna": "2",
            "Campo": "Referencia",
            "AlineacionColumna": "CENTER_LEFT",
            "ColorBordeCeldaSeleccionada": "#00BFFF"
        },
        {
            "TipoDato": "TEXT",
            "EsBooleano": false,
            "ColumnaTableView": false,
            "ColorFondo": "transparent",
            "AnchoColumna": 100,
            "AliasCampo": "EstadoEnvio",
            "ConValorDefecto": false,
            "KeyID": "0",
            "ValorDefecto": "",
            "ColorFondoEncabezadoColumna": "#004B55",
            "TipoControlFiltro": "",
            "NoNulo": false,
            "ColorTexto": "black",
            "EncabezadoColumna": "EstadoEnvio",
            "ColorBorde": "#00BFFF",
            "CampoCalculado": false,
            "EsFecha": false,
            "ID": "3",
            "ColumnaOcultable": false,
            "TipoControlEdicion": "",
            "AnchoBorde": 1,
            "ColorTextoEncabezadoColumna": "#FFFFFF",
            "ValorTrueCampoBooleano": "",
            "OrdenColumna": "-1",
            "Campo": "EstadoEnvio",
            "AlineacionColumna": "CENTER_LEFT",
            "ColorBordeCeldaSeleccionada": "#00BFFF"
        },
        {
            "TipoDato": "TEXT",
            "EsBooleano": false,
            "ColumnaTableView": true,
            "ColorFondo": "transparent",
            "AnchoColumna": 150,
            "AliasCampo": "NombreEstadoEnvio",
            "ConValorDefecto": false,
            "KeyID": "0",
            "ValorDefecto": "",
            "ColorFondoEncabezadoColumna": "#004B55",
            "TipoControlFiltro": "ComboBox",
            "NoNulo": false,
            "ColorTexto": "black",
            "EncabezadoColumna": "Nombre Estado Envio",
            "ColorBorde": "#00BFFF",
            "CampoCalculado": false,
            "EsFecha": false,
            "ID": "4",
            "ColumnaOcultable": false,
            "TipoControlEdicion": "",
            "AnchoBorde": 1,
            "ColorTextoEncabezadoColumna": "#FFFFFF",
            "ValorTrueCampoBooleano": "",
            "OrdenColumna": "3",
            "Campo": "NombreEstadoEnvio",
            "AlineacionColumna": "CENTER_LEFT",
            "ColorBordeCeldaSeleccionada": "#00BFFF"
        },
        {
            "TipoDato": "TEXT",
            "EsBooleano": false,
            "ColumnaTableView": true,
            "ColorFondo": "transparent",
            "AnchoColumna": 250,
            "AliasCampo": "DescripcionEstadoEnvio",
            "ConValorDefecto": false,
            "KeyID": "0",
            "ValorDefecto": "",
            "ColorFondoEncabezadoColumna": "#004B55",
            "TipoControlFiltro": "TextField",
            "NoNulo": false,
            "ColorTexto": "black",
            "EncabezadoColumna": "DescripcionEstadoEnvio",
            "ColorBorde": "#00BFFF",
            "CampoCalculado": false,
            "EsFecha": false,
            "ID": "5",
            "ColumnaOcultable": false,
            "TipoControlEdicion": "",
            "AnchoBorde": 1,
            "ColorTextoEncabezadoColumna": "#FFFFFF",
            "ValorTrueCampoBooleano": "",
            "OrdenColumna": "4",
            "Campo": "DescripcionEstadoEnvio",
            "AlineacionColumna": "CENTER_LEFT",
            "ColorBordeCeldaSeleccionada": "#00BFFF"
        },
        {
            "TipoDato": "TEXT",
            "EsBooleano": false,
            "ColumnaTableView": true,
            "ColorFondo": "transparent",
            "AnchoColumna": 100,
            "AliasCampo": "Cliente",
            "ConValorDefecto": false,
            "KeyID": "0",
            "ValorDefecto": "",
            "ColorFondoEncabezadoColumna": "#004B55",
            "TipoControlFiltro": "TextField",
            "NoNulo": false,
            "ColorTexto": "#000000",
            "EncabezadoColumna": "Cliente",
            "ColorBorde": "#00BFFF",
            "CampoCalculado": false,
            "EsFecha": false,
            "ID": "6",
            "ColumnaOcultable": false,
            "TipoControlEdicion": "",
            "AnchoBorde": 0.5,
            "ColorTextoEncabezadoColumna": "#FFFFFF",
            "ValorTrueCampoBooleano": "",
            "OrdenColumna": "5",
            "Campo": "Cliente",
            "AlineacionColumna": "CENTER-LEFT",
            "ColorBordeCeldaSeleccionada": "#00BFFF"
        },
        {
            "TipoDato": "TEXT",
            "EsBooleano": false,
            "ColumnaTableView": true,
            "ColorFondo": "transparent",
            "AnchoColumna": 180,
            "AliasCampo": "NombreCliente",
            "ConValorDefecto": false,
            "KeyID": "0",
            "ValorDefecto": "",
            "ColorFondoEncabezadoColumna": "#004B55",
            "TipoControlFiltro": "TextField",
            "NoNulo": false,
            "ColorTexto": "#000000",
            "EncabezadoColumna": "NombreCliente",
            "ColorBorde": "#00BFFF",
            "CampoCalculado": false,
            "EsFecha": false,
            "ID": "7",
            "ColumnaOcultable": false,
            "TipoControlEdicion": "",
            "AnchoBorde": 0.5,
            "ColorTextoEncabezadoColumna": "#FFFFFF",
            "ValorTrueCampoBooleano": "",
            "OrdenColumna": "6",
            "Campo": "NombreCliente",
            "AlineacionColumna": "CENTER-LEFT",
            "ColorBordeCeldaSeleccionada": "#00BFFF"
        },
        {
            "TipoDato": "TEXT",
            "EsBooleano": false,
            "ColumnaTableView": true,
            "ColorFondo": "transparent",
            "AnchoColumna": 180,
            "AliasCampo": "NombreResponsableCuenta",
            "ConValorDefecto": false,
            "KeyID": "0",
            "ValorDefecto": "",
            "ColorFondoEncabezadoColumna": "#FFA500",
            "TipoControlFiltro": "ComboBox",
            "NoNulo": false,
            "ColorTexto": "#000000",
            "EncabezadoColumna": "NombreResponsableCuenta",
            "ColorBorde": "#00BFFF",
            "CampoCalculado": false,
            "EsFecha": false,
            "ID": "8",
            "ColumnaOcultable": false,
            "TipoControlEdicion": "",
            "AnchoBorde": 0.5,
            "ColorTextoEncabezadoColumna": "#000000",
            "ValorTrueCampoBooleano": "",
            "OrdenColumna": "7",
            "Campo": "NombreResponsableCuenta",
            "AlineacionColumna": "CENTER-LEFT",
            "ColorBordeCeldaSeleccionada": "#00BFFF"
        }
    ],
    "PuertoJRDC": ""
}