{
    "TipoOrigenDatos": "SQLite Table",
    "FechaUltimaModificacion": 1699602579916,
    "ParametrosJRDC": "null",
    "ColorTextoPanelInfo": "#000000",
    "IpJRDC": "",
    "ColorFondoFilasImpares": "#FFFFFF",
    "ColorFondoEncabezados": "#004B55",
    "ComandoJRDC": "",
    "ColorTextoEncabezados": "#FFFFFF",
    "ColorFondoPanelInfo": "#FFF8C3",
    "ColorFondoFilasPares": "#F1F1F1",
    "Items": [
        {
            "TipoDato": "INTEGER",
            "EsBooleano": false,
            "ColumnaTableView": true,
            "ColorFondo": "transparent",
            "AnchoColumna": 60,
            "AliasCampo": "IDTarea",
            "ConValorDefecto": false,
            "KeyID": "1",
            "ValorDefecto": "",
            "ColorFondoEncabezadoColumna": "#004B55",
            "TipoControlFiltro": "TextField",
            "NoNulo": false,
            "ColorTexto": "black",
            "EncabezadoColumna": "IDTarea",
            "ColorBorde": "#00BFFF",
            "CampoCalculado": false,
            "EsFecha": false,
            "ID": "0",
            "ColumnaOcultable": false,
            "TipoControlEdicion": "",
            "AnchoBorde": 1,
            "NombreCampoDialogosAux": "IDTarea",
            "ColorTextoEncabezadoColumna": "#FFFFFF",
            "ValorTrueCampoBooleano": "",
            "OrdenColumna": "0",
            "Campo": "IDTarea",
            "AlineacionColumna": "CENTER-RIGHT",
            "ColorBordeCeldaSeleccionada": "#00BFFF"
        },
        {
            "TipoDato": "INTEGER",
            "EsBooleano": false,
            "ColumnaTableView": false,
            "ColorFondo": "transparent",
            "AnchoColumna": 80,
            "AliasCampo": "IDIncidenciaProveedor",
            "ConValorDefecto": false,
            "KeyID": "2",
            "ValorDefecto": "",
            "ColorFondoEncabezadoColumna": "#004B55",
            "TipoControlFiltro": "TextField",
            "NoNulo": false,
            "ColorTexto": "black",
            "EncabezadoColumna": "IDIncidenciaProveedor",
            "ColorBorde": "#00BFFF",
            "CampoCalculado": false,
            "EsFecha": false,
            "ID": "1",
            "ColumnaOcultable": false,
            "TipoControlEdicion": "",
            "AnchoBorde": 1,
            "NombreCampoDialogosAux": "IDIncidenciaProveedor",
            "ColorTextoEncabezadoColumna": "#FFFFFF",
            "ValorTrueCampoBooleano": "",
            "OrdenColumna": "-1",
            "Campo": "IDIncidenciaProveedor",
            "AlineacionColumna": "CENTER",
            "ColorBordeCeldaSeleccionada": "#00BFFF"
        },
        {
            "TipoDato": "TEXT",
            "EsBooleano": false,
            "ColumnaTableView": true,
            "ColorFondo": "transparent",
            "AnchoColumna": 140,
            "AliasCampo": "IncidenciaProveedor",
            "ConValorDefecto": false,
            "KeyID": "3",
            "ValorDefecto": "",
            "ColorFondoEncabezadoColumna": "#004B55",
            "TipoControlFiltro": "TextField",
            "NoNulo": false,
            "ColorTexto": "black",
            "EncabezadoColumna": "Incidencia",
            "ColorBorde": "#00BFFF",
            "CampoCalculado": false,
            "EsFecha": false,
            "ID": "2",
            "ColumnaOcultable": false,
            "TipoControlEdicion": "",
            "AnchoBorde": 1,
            "NombreCampoDialogosAux": "IncidenciaProveedor",
            "ColorTextoEncabezadoColumna": "#FFFFFF",
            "ValorTrueCampoBooleano": "",
            "OrdenColumna": "1",
            "Campo": "IncidenciaProveedor",
            "AlineacionColumna": "CENTER-LEFT",
            "ColorBordeCeldaSeleccionada": "#00BFFF"
        },
        {
            "TipoDato": "REAL",
            "EsBooleano": false,
            "ColumnaTableView": true,
            "ColorFondo": "transparent",
            "AnchoColumna": 100,
            "AliasCampo": "FechaTarea",
            "ConValorDefecto": false,
            "KeyID": "0",
            "ValorDefecto": "",
            "ColorFondoEncabezadoColumna": "#004B55",
            "TipoControlFiltro": "TextFieldBtn",
            "NoNulo": false,
            "ColorTexto": "black",
            "EncabezadoColumna": "FechaTarea",
            "ColorBorde": "#00BFFF",
            "CampoCalculado": false,
            "EsFecha": true,
            "ID": "3",
            "ColumnaOcultable": false,
            "TipoControlEdicion": "",
            "AnchoBorde": 1,
            "NombreCampoDialogosAux": "FechaTarea",
            "ColorTextoEncabezadoColumna": "#FFFFFF",
            "ValorTrueCampoBooleano": "",
            "OrdenColumna": "2",
            "Campo": "FechaTarea",
            "AlineacionColumna": "CENTER-RIGHT",
            "ColorBordeCeldaSeleccionada": "#00BFFF"
        },
        {
            "TipoDato": "TEXT",
            "EsBooleano": false,
            "ColumnaTableView": true,
            "ColorFondo": "transparent",
            "AnchoColumna": 200,
            "AliasCampo": "DepartamentoAsignadoTarea",
            "ConValorDefecto": false,
            "KeyID": "0",
            "ValorDefecto": "",
            "ColorFondoEncabezadoColumna": "#004B55",
            "TipoControlFiltro": "ComboBox",
            "NoNulo": false,
            "ColorTexto": "black",
            "EncabezadoColumna": "DepartamentoAsignado",
            "ColorBorde": "#00BFFF",
            "CampoCalculado": false,
            "EsFecha": false,
            "ID": "4",
            "ColumnaOcultable": false,
            "TipoControlEdicion": "",
            "AnchoBorde": 1,
            "NombreCampoDialogosAux": "DepartamentoAsignadoTarea",
            "ColorTextoEncabezadoColumna": "#FFFFFF",
            "ValorTrueCampoBooleano": "",
            "OrdenColumna": "3",
            "Campo": "DepartamentoAsignadoTarea",
            "AlineacionColumna": "CENTER-LEFT",
            "ColorBordeCeldaSeleccionada": "#00BFFF"
        },
        {
            "TipoDato": "TEXT",
            "EsBooleano": false,
            "ColumnaTableView": true,
            "ColorFondo": "transparent",
            "AnchoColumna": 80,
            "AliasCampo": "Proveedor",
            "ConValorDefecto": false,
            "KeyID": "0",
            "ValorDefecto": "",
            "ColorFondoEncabezadoColumna": "#004B55",
            "TipoControlFiltro": "TextField",
            "NoNulo": false,
            "ColorTexto": "black",
            "EncabezadoColumna": "Proveedor",
            "ColorBorde": "#00BFFF",
            "CampoCalculado": false,
            "EsFecha": false,
            "ID": "5",
            "ColumnaOcultable": false,
            "TipoControlEdicion": "",
            "AnchoBorde": 1,
            "NombreCampoDialogosAux": "Proveedor",
            "ColorTextoEncabezadoColumna": "#FFFFFF",
            "ValorTrueCampoBooleano": "",
            "OrdenColumna": "4",
            "Campo": "Proveedor",
            "AlineacionColumna": "CENTER",
            "ColorBordeCeldaSeleccionada": "#00BFFF"
        },
        {
            "TipoDato": "TEXT",
            "EsBooleano": false,
            "ColumnaTableView": true,
            "ColorFondo": "transparent",
            "AnchoColumna": 240,
            "AliasCampo": "NombreProveedor",
            "ConValorDefecto": false,
            "KeyID": "0",
            "ValorDefecto": "",
            "ColorFondoEncabezadoColumna": "#004B55",
            "TipoControlFiltro": "TextField",
            "NoNulo": false,
            "ColorTexto": "black",
            "EncabezadoColumna": "NombreProveedor",
            "ColorBorde": "#00BFFF",
            "CampoCalculado": false,
            "EsFecha": false,
            "ID": "6",
            "ColumnaOcultable": false,
            "TipoControlEdicion": "",
            "AnchoBorde": 1,
            "NombreCampoDialogosAux": "NombreProveedor",
            "ColorTextoEncabezadoColumna": "#FFFFFF",
            "ValorTrueCampoBooleano": "",
            "OrdenColumna": "5",
            "Campo": "NombreProveedor",
            "AlineacionColumna": "CENTER-LEFT",
            "ColorBordeCeldaSeleccionada": "#00BFFF"
        },
        {
            "TipoDato": "TEXT",
            "EsBooleano": false,
            "ColumnaTableView": false,
            "ColorFondo": "transparent",
            "AnchoColumna": 100,
            "AliasCampo": "DescripcionIncidencia",
            "ConValorDefecto": false,
            "KeyID": "0",
            "ValorDefecto": "",
            "ColorFondoEncabezadoColumna": "#004B55",
            "TipoControlFiltro": "TextField",
            "NoNulo": false,
            "ColorTexto": "black",
            "EncabezadoColumna": "DescripcionIncidencia",
            "ColorBorde": "#00BFFF",
            "CampoCalculado": false,
            "EsFecha": false,
            "ID": "7",
            "ColumnaOcultable": false,
            "TipoControlEdicion": "",
            "AnchoBorde": 1,
            "NombreCampoDialogosAux": "DescripcionIncidencia",
            "ColorTextoEncabezadoColumna": "#FFFFFF",
            "ValorTrueCampoBooleano": "",
            "OrdenColumna": "-1",
            "Campo": "DescripcionIncidencia",
            "AlineacionColumna": "CENTER-LEFT",
            "ColorBordeCeldaSeleccionada": "#00BFFF"
        },
        {
            "TipoDato": "TEXT",
            "EsBooleano": false,
            "ColumnaTableView": true,
            "ColorFondo": "transparent",
            "AnchoColumna": 150,
            "AliasCampo": "UsuarioCreacionTarea",
            "ConValorDefecto": false,
            "KeyID": "0",
            "ValorDefecto": "",
            "ColorFondoEncabezadoColumna": "#004B55",
            "TipoControlFiltro": "TextField",
            "NoNulo": false,
            "ColorTexto": "black",
            "EncabezadoColumna": "UsuarioCreacionTarea",
            "ColorBorde": "#00BFFF",
            "CampoCalculado": false,
            "EsFecha": false,
            "ID": "8",
            "ColumnaOcultable": false,
            "TipoControlEdicion": "",
            "AnchoBorde": 1,
            "NombreCampoDialogosAux": "UsuarioCreacionTarea",
            "ColorTextoEncabezadoColumna": "#FFFFFF",
            "ValorTrueCampoBooleano": "",
            "OrdenColumna": "6",
            "Campo": "UsuarioCreacionTarea",
            "AlineacionColumna": "CENTER-LEFT",
            "ColorBordeCeldaSeleccionada": "#00BFFF"
        },
        {
            "TipoDato": "TEXT",
            "EsBooleano": false,
            "ColumnaTableView": true,
            "ColorFondo": "transparent",
            "AnchoColumna": 180,
            "AliasCampo": "DescripcionTarea",
            "ConValorDefecto": false,
            "KeyID": "0",
            "ValorDefecto": "",
            "ColorFondoEncabezadoColumna": "#004B55",
            "TipoControlFiltro": "TextField",
            "NoNulo": false,
            "ColorTexto": "black",
            "EncabezadoColumna": "DescripcionTarea",
            "ColorBorde": "#00BFFF",
            "CampoCalculado": false,
            "EsFecha": false,
            "ID": "9",
            "ColumnaOcultable": false,
            "TipoControlEdicion": "",
            "AnchoBorde": 1,
            "NombreCampoDialogosAux": "DescripcionTarea",
            "ColorTextoEncabezadoColumna": "#FFFFFF",
            "ValorTrueCampoBooleano": "",
            "OrdenColumna": "7",
            "Campo": "DescripcionTarea",
            "AlineacionColumna": "CENTER-LEFT",
            "ColorBordeCeldaSeleccionada": "#00BFFF"
        }
    ],
    "PuertoJRDC": ""
}