{
    "TipoOrigenDatos": "Manual",
    "FechaUltimaModificacion": 1653292555441,
    "ColorFondoPanelItemsImpares": "#FFFFFF",
    "ParametrosJRDC": "null",
    "ColorTextoPanelInfo": "#000000",
    "IpJRDC": "",
    "AnchoBordeItems": 0,
    "ColorFondoEncabezados": "#004B55",
    "ColorFondoPanelItemsPares": "#F1F1F1",
    "ComandoJRDC": "",
    "ColorTextoEncabezados": "#FFFFFF",
    "ColorFondoPanelInfo": "#FFF8C3",
    "Items": [
        {
            "TipoDato": "INTEGER",
            "EsBooleano": false,
            "AliasCampo": "IDMov",
            "ConValorDefecto": false,
            "KeyID": "1",
            "ValorDefecto": "",
            "ValorTrueCampoBooleano": "",
            "TipoControlFiltro": "",
            "NoNulo": false,
            "Campo": "IDMov",
            "CampoCalculado": false,
            "EsFecha": false,
            "ID": "0"
        },
        {
            "TipoDato": "TEXT",
            "EsBooleano": false,
            "AliasCampo": "Fase",
            "ConValorDefecto": false,
            "KeyID": "2",
            "ValorDefecto": "",
            "ValorTrueCampoBooleano": "",
            "TipoControlFiltro": "",
            "NoNulo": false,
            "Campo": "Fase",
            "CampoCalculado": false,
            "EsFecha": false,
            "ID": "1"
        },
        {
            "TipoDato": "TEXT",
            "EsBooleano": false,
            "AliasCampo": "AreaFase",
            "ConValorDefecto": false,
            "KeyID": "0",
            "ValorDefecto": "",
            "ValorTrueCampoBooleano": "",
            "TipoControlFiltro": "",
            "NoNulo": false,
            "Campo": "AreaFase",
            "CampoCalculado": false,
            "EsFecha": false,
            "ID": "2"
        },
        {
            "TipoDato": "REAL",
            "EsBooleano": false,
            "AliasCampo": "FechaFase",
            "ConValorDefecto": false,
            "KeyID": "0",
            "ValorDefecto": "",
            "ValorTrueCampoBooleano": "",
            "TipoControlFiltro": "",
            "NoNulo": false,
            "Campo": "FechaFase",
            "CampoCalculado": false,
            "EsFecha": true,
            "ID": "3"
        },
        {
            "TipoDato": "TEXT",
            "EsBooleano": false,
            "AliasCampo": "ResponsableFase",
            "ConValorDefecto": false,
            "KeyID": "0",
            "ValorDefecto": "",
            "ValorTrueCampoBooleano": "",
            "TipoControlFiltro": "",
            "NoNulo": false,
            "Campo": "ResponsableFase",
            "CampoCalculado": false,
            "EsFecha": false,
            "ID": "4"
        },
        {
            "TipoDato": "TEXT",
            "EsBooleano": false,
            "AliasCampo": "InfoAdicionalFase",
            "ConValorDefecto": false,
            "KeyID": "0",
            "ValorDefecto": "",
            "ValorTrueCampoBooleano": "",
            "TipoControlFiltro": "",
            "NoNulo": false,
            "Campo": "InfoAdicionalFase",
            "CampoCalculado": false,
            "EsFecha": false,
            "ID": "5"
        },
        {
            "TipoDato": "TEXT",
            "EsBooleano": false,
            "AliasCampo": "NumExpedicion",
            "ConValorDefecto": false,
            "KeyID": "0",
            "ValorDefecto": "",
            "ValorTrueCampoBooleano": "",
            "TipoControlFiltro": "",
            "NoNulo": false,
            "Campo": "NumExpedicion",
            "CampoCalculado": false,
            "EsFecha": false,
            "ID": "6"
        },
        {
            "TipoDato": "INTEGER",
            "EsBooleano": false,
            "AliasCampo": "Mov",
            "ConValorDefecto": false,
            "KeyID": "0",
            "ValorDefecto": "",
            "ValorTrueCampoBooleano": "",
            "TipoControlFiltro": "",
            "NoNulo": false,
            "Campo": "Mov",
            "CampoCalculado": false,
            "EsFecha": false,
            "ID": "7"
        },
        {
            "TipoDato": "INTEGER",
            "EsBooleano": false,
            "AliasCampo": "Corregido",
            "ConValorDefecto": false,
            "KeyID": "0",
            "ValorDefecto": "",
            "ValorTrueCampoBooleano": "",
            "TipoControlFiltro": "",
            "NoNulo": false,
            "Campo": "Corregido",
            "CampoCalculado": false,
            "EsFecha": false,
            "ID": "8"
        },
        {
            "TipoDato": "TEXT",
            "EsBooleano": false,
            "AliasCampo": "Obs",
            "ConValorDefecto": false,
            "KeyID": "0",
            "ValorDefecto": "",
            "ValorTrueCampoBooleano": "",
            "TipoControlFiltro": "",
            "NoNulo": false,
            "Campo": "Obs",
            "CampoCalculado": false,
            "EsFecha": false,
            "ID": "9"
        }
    ],
    "PuertoJRDC": "",
    "ColorBordeItems": "#808080"
}