{
    "TipoOrigenDatos": "SQLite Table",
    "FechaUltimaModificacion": 1680677790127,
    "ColorFondoPanelItemsImpares": "#FFFFFF",
    "ParametrosJRDC": "null",
    "ColorTextoPanelInfo": "#000000",
    "IpJRDC": "",
    "AnchoBordeItems": 0,
    "ColorFondoEncabezados": "#004B55",
    "ColorFondoPanelItemsPares": "#F1F1F1",
    "ComandoJRDC": "",
    "ColorTextoEncabezados": "#FFFFFF",
    "ColorFondoPanelInfo": "#FFF8C3",
    "Items": [
        {
            "TipoDato": "TEXT",
            "EsBooleano": false,
            "AliasCampo": "CODEMPRESA",
            "ConValorDefecto": false,
            "KeyID": "1",
            "ValorDefecto": "",
            "ValorTrueCampoBooleano": "",
            "TipoControlFiltro": "",
            "NoNulo": false,
            "Campo": "CODEMPRESA",
            "CampoCalculado": false,
            "EsFecha": false,
            "ID": "0"
        },
        {
            "TipoDato": "TEXT",
            "EsBooleano": false,
            "AliasCampo": "CODORIGEN",
            "ConValorDefecto": false,
            "KeyID": "2",
            "ValorDefecto": "",
            "ValorTrueCampoBooleano": "",
            "TipoControlFiltro": "",
            "NoNulo": false,
            "Campo": "CODORIGEN",
            "CampoCalculado": false,
            "EsFecha": false,
            "ID": "1"
        },
        {
            "TipoDato": "TEXT",
            "EsBooleano": false,
            "AliasCampo": "CODDESTIN",
            "ConValorDefecto": false,
            "KeyID": "3",
            "ValorDefecto": "",
            "ValorTrueCampoBooleano": "",
            "TipoControlFiltro": "",
            "NoNulo": false,
            "Campo": "CODDESTIN",
            "CampoCalculado": false,
            "EsFecha": false,
            "ID": "2"
        },
        {
            "TipoDato": "INTEGER",
            "EsBooleano": false,
            "AliasCampo": "NEXPED1",
            "ConValorDefecto": false,
            "KeyID": "4",
            "ValorDefecto": "",
            "ValorTrueCampoBooleano": "",
            "TipoControlFiltro": "TextField",
            "NoNulo": false,
            "Campo": "NEXPED1",
            "CampoCalculado": false,
            "EsFecha": false,
            "ID": "3"
        },
        {
            "TipoDato": "INTEGER",
            "EsBooleano": false,
            "AliasCampo": "NEXPED2",
            "ConValorDefecto": false,
            "KeyID": "5",
            "ValorDefecto": "",
            "ValorTrueCampoBooleano": "",
            "TipoControlFiltro": "TextField",
            "NoNulo": false,
            "Campo": "NEXPED2",
            "CampoCalculado": false,
            "EsFecha": false,
            "ID": "4"
        },
        {
            "TipoDato": "TEXT",
            "EsBooleano": false,
            "AliasCampo": "ANO",
            "ConValorDefecto": false,
            "KeyID": "6",
            "ValorDefecto": "",
            "ValorTrueCampoBooleano": "",
            "TipoControlFiltro": "ComboBox",
            "NoNulo": false,
            "Campo": "ANO",
            "CampoCalculado": false,
            "EsFecha": false,
            "ID": "5"
        },
        {
            "TipoDato": "TEXT",
            "EsBooleano": false,
            "AliasCampo": "Fecha_x0020_salida",
            "ConValorDefecto": false,
            "KeyID": "0",
            "ValorDefecto": "",
            "ValorTrueCampoBooleano": "",
            "TipoControlFiltro": "",
            "NoNulo": false,
            "Campo": "Fecha_x0020_salida",
            "CampoCalculado": false,
            "EsFecha": false,
            "ID": "6"
        },
        {
            "TipoDato": "TEXT",
            "EsBooleano": false,
            "AliasCampo": "Fecha_x0020_Alta",
            "ConValorDefecto": false,
            "KeyID": "0",
            "ValorDefecto": "",
            "ValorTrueCampoBooleano": "",
            "TipoControlFiltro": "",
            "NoNulo": false,
            "Campo": "Fecha_x0020_Alta",
            "CampoCalculado": false,
            "EsFecha": false,
            "ID": "7"
        },
        {
            "TipoDato": "TEXT",
            "EsBooleano": false,
            "AliasCampo": "Fecha_x0020_Entrega",
            "ConValorDefecto": false,
            "KeyID": "0",
            "ValorDefecto": "",
            "ValorTrueCampoBooleano": "",
            "TipoControlFiltro": "",
            "NoNulo": false,
            "Campo": "Fecha_x0020_Entrega",
            "CampoCalculado": false,
            "EsFecha": false,
            "ID": "8"
        },
        {
            "TipoDato": "TEXT",
            "EsBooleano": false,
            "AliasCampo": "Nombre_x0020_Destinatario",
            "ConValorDefecto": false,
            "KeyID": "0",
            "ValorDefecto": "",
            "ValorTrueCampoBooleano": "",
            "TipoControlFiltro": "TextField",
            "NoNulo": false,
            "Campo": "Nombre_x0020_Destinatario",
            "CampoCalculado": false,
            "EsFecha": false,
            "ID": "9"
        },
        {
            "TipoDato": "TEXT",
            "EsBooleano": false,
            "AliasCampo": "Dirección_x0020_Destinatario",
            "ConValorDefecto": false,
            "KeyID": "0",
            "ValorDefecto": "",
            "ValorTrueCampoBooleano": "",
            "TipoControlFiltro": "TextField",
            "NoNulo": false,
            "Campo": "Dirección_x0020_Destinatario",
            "CampoCalculado": false,
            "EsFecha": false,
            "ID": "10"
        },
        {
            "TipoDato": "TEXT",
            "EsBooleano": false,
            "AliasCampo": "Código_x0020_Postal_x0020_Destinatario",
            "ConValorDefecto": false,
            "KeyID": "0",
            "ValorDefecto": "",
            "ValorTrueCampoBooleano": "",
            "TipoControlFiltro": "TextField",
            "NoNulo": false,
            "Campo": "Código_x0020_Postal_x0020_Destinatario",
            "CampoCalculado": false,
            "EsFecha": false,
            "ID": "11"
        },
        {
            "TipoDato": "TEXT",
            "EsBooleano": false,
            "AliasCampo": "Población_x0020_Destinatario",
            "ConValorDefecto": false,
            "KeyID": "0",
            "ValorDefecto": "",
            "ValorTrueCampoBooleano": "",
            "TipoControlFiltro": "TextField",
            "NoNulo": false,
            "Campo": "Población_x0020_Destinatario",
            "CampoCalculado": false,
            "EsFecha": false,
            "ID": "12"
        },
        {
            "TipoDato": "TEXT",
            "EsBooleano": false,
            "AliasCampo": "Referencia_x0020_1",
            "ConValorDefecto": false,
            "KeyID": "0",
            "ValorDefecto": "",
            "ValorTrueCampoBooleano": "",
            "TipoControlFiltro": "TextField",
            "NoNulo": false,
            "Campo": "Referencia_x0020_1",
            "CampoCalculado": false,
            "EsFecha": false,
            "ID": "13"
        },
        {
            "TipoDato": "INTEGER",
            "EsBooleano": false,
            "AliasCampo": "Bultos",
            "ConValorDefecto": false,
            "KeyID": "0",
            "ValorDefecto": "",
            "ValorTrueCampoBooleano": "",
            "TipoControlFiltro": "TextField",
            "NoNulo": false,
            "Campo": "Bultos",
            "CampoCalculado": false,
            "EsFecha": false,
            "ID": "14"
        },
        {
            "TipoDato": "INTEGER",
            "EsBooleano": false,
            "AliasCampo": "Kilos_x0020_Reales",
            "ConValorDefecto": false,
            "KeyID": "0",
            "ValorDefecto": "",
            "ValorTrueCampoBooleano": "",
            "TipoControlFiltro": "TextField",
            "NoNulo": false,
            "Campo": "Kilos_x0020_Reales",
            "CampoCalculado": false,
            "EsFecha": false,
            "ID": "15"
        },
        {
            "TipoDato": "INTEGER",
            "EsBooleano": false,
            "AliasCampo": "Volumen",
            "ConValorDefecto": false,
            "KeyID": "0",
            "ValorDefecto": "",
            "ValorTrueCampoBooleano": "",
            "TipoControlFiltro": "",
            "NoNulo": false,
            "Campo": "Volumen",
            "CampoCalculado": false,
            "EsFecha": false,
            "ID": "16"
        },
        {
            "TipoDato": "TEXT",
            "EsBooleano": false,
            "AliasCampo": "Tipo",
            "ConValorDefecto": false,
            "KeyID": "7",
            "ValorDefecto": "",
            "ValorTrueCampoBooleano": "",
            "TipoControlFiltro": "ComboBox",
            "NoNulo": false,
            "Campo": "Tipo",
            "CampoCalculado": false,
            "EsFecha": false,
            "ID": "17"
        },
        {
            "TipoDato": "TEXT",
            "EsBooleano": false,
            "AliasCampo": "NombreCliente",
            "ConValorDefecto": false,
            "KeyID": "0",
            "ValorDefecto": "",
            "ValorTrueCampoBooleano": "",
            "TipoControlFiltro": "TextField",
            "NoNulo": false,
            "Campo": "NombreCliente",
            "CampoCalculado": false,
            "EsFecha": false,
            "ID": "18"
        },
        {
            "TipoDato": "TEXT",
            "EsBooleano": false,
            "AliasCampo": "NombreResponsableCuenta",
            "ConValorDefecto": false,
            "KeyID": "0",
            "ValorDefecto": "",
            "ValorTrueCampoBooleano": "",
            "TipoControlFiltro": "ComboBox",
            "NoNulo": false,
            "Campo": "NombreResponsableCuenta",
            "CampoCalculado": false,
            "EsFecha": false,
            "ID": "19"
        },
        {
            "TipoDato": "TEXT",
            "EsBooleano": false,
            "AliasCampo": "Entregado",
            "ConValorDefecto": false,
            "KeyID": "0",
            "ValorDefecto": "",
            "ValorTrueCampoBooleano": "",
            "TipoControlFiltro": "ComboBox",
            "NoNulo": false,
            "Campo": "Entregado",
            "CampoCalculado": false,
            "EsFecha": false,
            "ID": "20"
        },
        {
            "TipoDato": "TEXT",
            "EsBooleano": false,
            "AliasCampo": "EstadoActual",
            "ConValorDefecto": false,
            "KeyID": "0",
            "ValorDefecto": "",
            "ValorTrueCampoBooleano": "",
            "TipoControlFiltro": "ComboBox",
            "NoNulo": false,
            "Campo": "EstadoActual",
            "CampoCalculado": false,
            "EsFecha": false,
            "ID": "21"
        }
    ],
    "PuertoJRDC": "",
    "ColorBordeItems": "#808080"
}