{
    "TipoOrigenDatos": "SQLite Table",
    "FechaUltimaModificacion": 1642957604699,
    "ColorFondoPanelItemsImpares": "#FFFFFF",
    "ParametrosJRDC": "null",
    "ColorTextoPanelInfo": "#000000",
    "IpJRDC": "",
    "AnchoBordeItems": 0,
    "ColorFondoEncabezados": "#004B55",
    "ColorFondoPanelItemsPares": "#F1F1F1",
    "ComandoJRDC": "",
    "ColorTextoEncabezados": "#FFFFFF",
    "ColorFondoPanelInfo": "#FFF8C3",
    "Items": [
        {
            "TipoDato": "REAL",
            "EsBooleano": false,
            "AliasCampo": "FechaDocumento",
            "ConValorDefecto": false,
            "KeyID": "0",
            "ValorDefecto": "",
            "ValorTrueCampoBooleano": "",
            "TipoControlFiltro": "TextFieldBtn",
            "NoNulo": false,
            "Campo": "FechaDocumento",
            "CampoCalculado": false,
            "EsFecha": true,
            "ID": "0"
        },
        {
            "TipoDato": "TEXT",
            "EsBooleano": false,
            "AliasCampo": "Documento",
            "ConValorDefecto": false,
            "KeyID": "1",
            "ValorDefecto": "",
            "ValorTrueCampoBooleano": "",
            "TipoControlFiltro": "TextField",
            "NoNulo": false,
            "Campo": "Documento",
            "CampoCalculado": false,
            "EsFecha": false,
            "ID": "1"
        },
        {
            "TipoDato": "TEXT",
            "EsBooleano": false,
            "AliasCampo": "Cliente",
            "ConValorDefecto": false,
            "KeyID": "0",
            "ValorDefecto": "",
            "ValorTrueCampoBooleano": "",
            "TipoControlFiltro": "TextField",
            "NoNulo": false,
            "Campo": "Cliente",
            "CampoCalculado": false,
            "EsFecha": false,
            "ID": "2"
        },
        {
            "TipoDato": "TEXT",
            "EsBooleano": false,
            "AliasCampo": "NombreCliente",
            "ConValorDefecto": false,
            "KeyID": "0",
            "ValorDefecto": "",
            "ValorTrueCampoBooleano": "",
            "TipoControlFiltro": "TextField",
            "NoNulo": false,
            "Campo": "NombreCliente",
            "CampoCalculado": false,
            "EsFecha": false,
            "ID": "3"
        },

        {
            "TipoDato": "TEXT",
            "EsBooleano": false,
            "AliasCampo": "AlmacenDocumento",
            "ConValorDefecto": false,
            "KeyID": "0",
            "ValorDefecto": "",
            "ValorTrueCampoBooleano": "",
            "TipoControlFiltro": "ComboBox",
            "NoNulo": false,
            "Campo": "AlmacenDocumento",
            "CampoCalculado": false,
            "EsFecha": false,
            "ID": "4"
        },
		
		        {
            "TipoDato": "TEXT",
            "EsBooleano": false,
            "AliasCampo": "AlmacenFisico",
            "ConValorDefecto": false,
            "KeyID": "0",
            "ValorDefecto": "",
            "ValorTrueCampoBooleano": "",
            "TipoControlFiltro": "ComboBox",
            "NoNulo": false,
            "Campo": "AlmacenFisico",
            "CampoCalculado": false,
            "EsFecha": false,
            "ID": "5"
        },
        {
            "TipoDato": "REAL",
            "EsBooleano": false,
            "AliasCampo": "TotalQty",
            "ConValorDefecto": false,
            "KeyID": "0",
            "ValorDefecto": "",
            "ValorTrueCampoBooleano": "",
            "TipoControlFiltro": "TextField",
            "NoNulo": false,
            "Campo": "TotalQty",
            "CampoCalculado": false,
            "EsFecha": false,
            "ID": "6"
        },
        {
            "TipoDato": "REAL",
            "EsBooleano": false,
            "AliasCampo": "TotalImp",
            "ConValorDefecto": false,
            "KeyID": "0",
            "ValorDefecto": "",
            "ValorTrueCampoBooleano": "",
            "TipoControlFiltro": "",
            "NoNulo": false,
            "Campo": "TotalImp",
            "CampoCalculado": false,
            "EsFecha": false,
            "ID": "7"
        },
		
        {
            "TipoDato": "TEXT",
            "EsBooleano": true,
            "AliasCampo": "Personalizado",
            "ConValorDefecto": false,
            "KeyID": "0",
            "ValorDefecto": "",
            "ValorTrueCampoBooleano": "1",
            "TipoControlFiltro": "CheckBox",
            "NoNulo": false,
            "Campo": "Personalizado",
            "CampoCalculado": false,
            "EsFecha": false,
            "ID": "8"
        },

        {
            "TipoDato": "TEXT",
            "EsBooleano": false,
            "AliasCampo": "TipoDocumento",
            "ConValorDefecto": false,
            "KeyID": "0",
            "ValorDefecto": "",
            "ValorTrueCampoBooleano": "",
            "TipoControlFiltro": "ComboBox",
            "NoNulo": false,
            "Campo": "TipoDocumento",
            "CampoCalculado": false,
            "EsFecha": false,
            "ID": "9"
        }
    ],
    "PuertoJRDC": "",
    "ColorBordeItems": ""
}