{
    "TipoOrigenDatos": "Manual",
    "FechaUltimaModificacion": 1628323455206,
    "ParametrosJRDC": "null",
    "ColorTextoPanelInfo": "#000000",
    "IpJRDC": "",
    "ColorFondoFilasImpares": "#FFFFFF",
    "ColorFondoEncabezados": "#004B55",
    "ComandoJRDC": "",
    "ColorTextoEncabezados": "#FFFFFF",
    "ColorFondoPanelInfo": "#FFF8C3",
    "ColorFondoFilasPares": "#F1F1F1",
    "Items": [
        {
            "TipoDato": "TEXT",
            "EsBooleano": false,
            "ColumnaTableView": true,
            "ColorFondo": "transparent",
            "AnchoBorde": 1,
            "AnchoColumna": 120,
            "AliasCampo": "FechaEstado",
            "ConValorDefecto": false,
            "KeyID": "0",
            "ValorDefecto": "",
            "ValorTrueCampoBooleano": "",
            "OrdenColumna": "0",
            "TipoControlFiltro": "",
            "NoNulo": false,
            "ColorTexto": "black",
            "Campo": "FechaEstado",
            "AlineacionColumna": "CENTER_LEFT",
            "EncabezadoColumna": "Fecha",
            "ColorBorde": "#D3D3D3",
            "CampoCalculado": false,
            "EsFecha": false,
            "ID": "0",
            "ColumnaOcultable": false,
            "TipoControlEdicion": ""
        },
        {
            "TipoDato": "TEXT",
            "EsBooleano": false,
            "ColumnaTableView": true,
            "ColorFondo": "transparent",
            "AnchoBorde": 1,
            "AnchoColumna": 120,
            "AliasCampo": "HoraEstado",
            "ConValorDefecto": false,
            "KeyID": "0",
            "ValorDefecto": "",
            "ValorTrueCampoBooleano": "",
            "OrdenColumna": "1",
            "TipoControlFiltro": "",
            "NoNulo": false,
            "ColorTexto": "black",
            "Campo": "HoraEstado",
            "AlineacionColumna": "CENTER_LEFT",
            "EncabezadoColumna": "Hora",
            "ColorBorde": "#D3D3D3",
            "CampoCalculado": false,
            "EsFecha": false,
            "ID": "1",
            "ColumnaOcultable": false,
            "TipoControlEdicion": ""
        },
        {
            "TipoDato": "TEXT",
            "EsBooleano": false,
            "ColumnaTableView": true,
            "ColorFondo": "transparent",
            "AnchoBorde": 1,
            "AnchoColumna": 150,
            "AliasCampo": "NombreEstadoEnvio",
            "ConValorDefecto": false,
            "KeyID": "0",
            "ValorDefecto": "",
            "ValorTrueCampoBooleano": "",
            "OrdenColumna": "2",
            "TipoControlFiltro": "",
            "NoNulo": false,
            "ColorTexto": "black",
            "Campo": "NombreEstadoEnvio",
            "AlineacionColumna": "CENTER_LEFT",
            "EncabezadoColumna": "Estado Envio",
            "ColorBorde": "#D3D3D3",
            "CampoCalculado": false,
            "EsFecha": false,
            "ID": "2",
            "ColumnaOcultable": false,
            "TipoControlEdicion": ""
        },
        {
            "TipoDato": "TEXT",
            "EsBooleano": false,
            "ColumnaTableView": true,
            "ColorFondo": "transparent",
            "AnchoBorde": 1,
            "AnchoColumna": 400,
            "AliasCampo": "DescripcionEstadoEnvio",
            "ConValorDefecto": false,
            "KeyID": "0",
            "ValorDefecto": "",
            "ValorTrueCampoBooleano": "",
            "OrdenColumna": "3",
            "TipoControlFiltro": "",
            "NoNulo": false,
            "ColorTexto": "black",
            "Campo": "DescripcionEstadoEnvio",
            "AlineacionColumna": "CENTER_LEFT",
            "EncabezadoColumna": "Descripcion Estado",
            "ColorBorde": "#D3D3D3",
            "CampoCalculado": false,
            "EsFecha": false,
            "ID": "3",
            "ColumnaOcultable": false,
            "TipoControlEdicion": ""
        },
        {
            "TipoDato": "TEXT",
            "EsBooleano": false,
            "ColumnaTableView": false,
            "ColorFondo": "transparent",
            "AnchoBorde": 1,
            "AnchoColumna": 100,
            "AliasCampo": "CodEstado",
            "ConValorDefecto": false,
            "KeyID": "0",
            "ValorDefecto": "",
            "ValorTrueCampoBooleano": "",
            "OrdenColumna": "-1",
            "TipoControlFiltro": "",
            "NoNulo": false,
            "ColorTexto": "black",
            "Campo": "CodEstado",
            "AlineacionColumna": "CENTER_LEFT",
            "EncabezadoColumna": "CodEstado",
            "ColorBorde": "#D3D3D3",
            "CampoCalculado": false,
            "EsFecha": false,
            "ID": "4",
            "ColumnaOcultable": false,
            "TipoControlEdicion": ""
        }
    ],
    "PuertoJRDC": ""
}