{
    "IpJRDC": "192.168.10.6",
    "ColorItemsPares": -2634552,
    "Version": "9.01",
    "PrimaryKey": "IDAnalisisTarifas,Proveedor,Articulo",
    "Items": [
        {
            "TipoDato": "INTEGER",
            "TipoDatoMySQL": "int",
            "TipoControl": "",
            "InfoCampo": "",
            "PrimaryKey": true,
            "ControlIndependiente": false,
            "TituloCampo": "IDAnalisisTarifas",
            "Extras": {},
            "ControlEditable": false,
            "NoNulo": true,
            "Campo": "IDAnalisisTarifas",
            "AutoIncremental": false,
            "EsFecha": false,
            "ValorCampoPorDefecto": "null"
        },
        {
            "TipoDato": "INTEGER",
            "TipoDatoMySQL": "bigint",
            "TipoControl": "",
            "InfoCampo": "",
            "PrimaryKey": false,
            "ControlIndependiente": false,
            "TituloCampo": "FechaActualizacionLong",
            "Extras": {},
            "ControlEditable": false,
            "NoNulo": true,
            "Campo": "FechaActualizacionLong",
            "AutoIncremental": false,
            "EsFecha": false,
            "ValorCampoPorDefecto": "null"
        },
        {
            "TipoDato": "TEXT",
            "TipoDatoMySQL": "nvarchar",
            "TipoControl": "",
            "InfoCampo": "",
            "PrimaryKey": false,
            "ControlIndependiente": false,
            "TituloCampo": "UsuarioActualizacion",
            "Extras": {},
            "ControlEditable": false,
            "NoNulo": true,
            "Campo": "UsuarioActualizacion",
            "AutoIncremental": false,
            "EsFecha": false,
            "ValorCampoPorDefecto": "null"
        },
        {
            "TipoDato": "TEXT",
            "TipoDatoMySQL": "nvarchar",
            "TipoControl": "TextField",
            "InfoCampo": "",
            "PrimaryKey": true,
            "ControlIndependiente": false,
            "TituloCampo": "Proveedor",
            "Extras": {},
            "ControlEditable": false,
            "NoNulo": true,
            "Campo": "Proveedor",
            "AutoIncremental": false,
            "EsFecha": false,
            "ValorCampoPorDefecto": "null"
        },
        {
            "TipoDato": "TEXT",
            "TipoDatoMySQL": "nvarchar",
            "TipoControl": "TextField",
            "InfoCampo": "",
            "PrimaryKey": true,
            "ControlIndependiente": false,
            "TituloCampo": "Articulo",
            "Extras": {},
            "ControlEditable": false,
            "NoNulo": true,
            "Campo": "Articulo",
            "AutoIncremental": false,
            "EsFecha": false,
            "ValorCampoPorDefecto": "null"
        },
        {
            "TipoDato": "TEXT",
            "TipoDatoMySQL": "nvarchar",
            "TipoControl": "B4XListDialogTextField",
            "InfoCampo": "",
            "PrimaryKey": false,
            "ControlIndependiente": false,
            "TituloCampo": "Divisa",
            "Extras": {
                "ListaValoresDatosAux": " ;EUR;USD",
                "TipoDatosAux": "Lista"
            },
            "ControlEditable": true,
            "NoNulo": true,
            "Campo": "Divisa",
            "AutoIncremental": false,
            "EsFecha": false,
            "ValorCampoPorDefecto": "null"
        },
        {
            "TipoDato": "REAL",
            "TipoDatoMySQL": "decimal",
            "TipoControl": "B4XInputDialogTextField",
            "InfoCampo": "",
            "PrimaryKey": false,
            "ControlIndependiente": false,
            "TituloCampo": "PrecioUnitario",
            "Extras": {},
            "ControlEditable": true,
            "NoNulo": true,
            "Campo": "PrecioUnitario",
            "AutoIncremental": false,
            "EsFecha": false,
            "ValorCampoPorDefecto": "null"
        }
    ],
    "ColorItemsImpares": -1053719,
    "NombreTabla": "tbl_PROIN_AnalisisTarifasTarifasCompraUsuario",
    "DBMS": "SQLServer",
    "PuertoJRDC": "17200"
}