{
    "IpJRDC": "192.168.10.6",
    "ColorItemsPares": -2634552,
    "Version": "9.01",
    "PrimaryKey": "IDAnalisisTarifas",
    "Items": [
        {
            "TipoDato": "INTEGER",
            "TipoDatoMySQL": "int",
            "TipoControl": "",
            "InfoCampo": "",
            "PrimaryKey": true,
            "ControlIndependiente": false,
            "TituloCampo": "IDAnalisisTarifas",
            "Extras": {},
            "ControlEditable": false,
            "NoNulo": true,
            "Campo": "IDAnalisisTarifas",
            "AutoIncremental": true,
            "EsFecha": false,
            "ValorCampoPorDefecto": "null"
        },
        {
            "TipoDato": "TEXT",
            "TipoDatoMySQL": "nvarchar",
            "TipoControl": "",
            "InfoCampo": "",
            "PrimaryKey": false,
            "ControlIndependiente": false,
            "TituloCampo": "CodigoAnalisisTarifas",
            "Extras": {},
            "ControlEditable": false,
            "NoNulo": false,
            "Campo": "CodigoAnalisisTarifas",
            "AutoIncremental": false,
            "EsFecha": false,
            "ValorCampoPorDefecto": "null"
        },
        {
            "TipoDato": "TEXT",
            "TipoDatoMySQL": "nvarchar",
            "TipoControl": "B4XInputDialogTextField",
            "InfoCampo": "",
            "PrimaryKey": false,
            "ControlIndependiente": false,
            "TituloCampo": "DescripcionAnalisis",
            "Extras": {},
            "ControlEditable": true,
            "NoNulo": false,
            "Campo": "DescripcionAnalisis",
            "AutoIncremental": false,
            "EsFecha": false,
            "ValorCampoPorDefecto": "null"
        },
        {
            "TipoDato": "TEXT",
            "TipoDatoMySQL": "nvarchar",
            "TipoControl": "B4XListDialogTextField",
            "InfoCampo": "",
            "PrimaryKey": false,
            "ControlIndependiente": false,
            "TituloCampo": "TipoAnalisisTarifas",
            "Extras": {
                "ListaValoresDatosAux": "TarifaUnica;ListaArticulos;Mixta",
                "TipoDatosAux": "Lista"
            },
            "ControlEditable": true,
            "NoNulo": false,
            "Campo": "TipoAnalisisTarifas",
            "AutoIncremental": false,
            "EsFecha": false,
            "ValorCampoPorDefecto": "null"
        },
        {
            "TipoDato": "TEXT",
            "TipoDatoMySQL": "nvarchar",
            "TipoControl": "B4XListDialogTextField",
            "InfoCampo": "",
            "PrimaryKey": false,
            "ControlIndependiente": false,
            "TituloCampo": "TipoTarifa",
            "Extras": {
                "ListaValoresDatosAux": " ;Cliente;GrupoPrecios;Varios",
                "TipoDatosAux": "Lista"
            },
            "ControlEditable": true,
            "NoNulo": false,
            "Campo": "TipoTarifa",
            "AutoIncremental": false,
            "EsFecha": false,
            "ValorCampoPorDefecto": "null"
        },
        {
            "TipoDato": "TEXT",
            "TipoDatoMySQL": "nvarchar",
            "TipoControl": "B4XInputDialogTextField",
            "InfoCampo": "",
            "PrimaryKey": false,
            "ControlIndependiente": false,
            "TituloCampo": "CodigoTarifa",
            "Extras": {},
            "ControlEditable": true,
            "NoNulo": false,
            "Campo": "CodigoTarifa",
            "AutoIncremental": false,
            "EsFecha": false,
            "ValorCampoPorDefecto": "null"
        },
        {
            "TipoDato": "INTEGER",
            "TipoDatoMySQL": "bigint",
            "TipoControl": "",
            "InfoCampo": "",
            "PrimaryKey": false,
            "ControlIndependiente": false,
            "TituloCampo": "FechaCreacionLong",
            "Extras": {},
            "ControlEditable": false,
            "NoNulo": false,
            "Campo": "FechaCreacionLong",
            "AutoIncremental": false,
            "EsFecha": true,
            "ValorCampoPorDefecto": "null"
        },
        {
            "TipoDato": "TEXT",
            "TipoDatoMySQL": "datetime",
            "TipoControl": "",
            "InfoCampo": "",
            "PrimaryKey": false,
            "ControlIndependiente": false,
            "TituloCampo": "FechaCreacion",
            "Extras": {},
            "ControlEditable": false,
            "NoNulo": false,
            "Campo": "FechaCreacion",
            "AutoIncremental": false,
            "EsFecha": false,
            "ValorCampoPorDefecto": "null"
        },
        {
            "TipoDato": "TEXT",
            "TipoDatoMySQL": "nvarchar",
            "TipoControl": "",
            "InfoCampo": "",
            "PrimaryKey": false,
            "ControlIndependiente": false,
            "TituloCampo": "UsuarioCreacion",
            "Extras": {},
            "ControlEditable": false,
            "NoNulo": false,
            "Campo": "UsuarioCreacion",
            "AutoIncremental": false,
            "EsFecha": false,
            "ValorCampoPorDefecto": "null"
        },
        {
            "TipoDato": "REAL",
            "TipoDatoMySQL": "bigint",
            "TipoControl": "",
            "InfoCampo": "",
            "PrimaryKey": false,
            "ControlIndependiente": false,
            "TituloCampo": "FechaModificacionLong",
            "Extras": {},
            "ControlEditable": false,
            "NoNulo": false,
            "Campo": "FechaModificacionLong",
            "AutoIncremental": false,
            "EsFecha": true,
            "ValorCampoPorDefecto": "null"
        },
        {
            "TipoDato": "TEXT",
            "TipoDatoMySQL": "datetime",
            "TipoControl": "",
            "InfoCampo": "",
            "PrimaryKey": false,
            "ControlIndependiente": false,
            "TituloCampo": "FechaModificacion",
            "Extras": {},
            "ControlEditable": false,
            "NoNulo": false,
            "Campo": "FechaModificacion",
            "AutoIncremental": false,
            "EsFecha": false,
            "ValorCampoPorDefecto": "null"
        },
        {
            "TipoDato": "TEXT",
            "TipoDatoMySQL": "nvarchar",
            "TipoControl": "",
            "InfoCampo": "",
            "PrimaryKey": false,
            "ControlIndependiente": false,
            "TituloCampo": "UsuarioModificacion",
            "Extras": {},
            "ControlEditable": false,
            "NoNulo": false,
            "Campo": "UsuarioModificacion",
            "AutoIncremental": false,
            "EsFecha": false,
            "ValorCampoPorDefecto": "null"
        },
        {
            "TipoDato": "TEXT",
            "TipoDatoMySQL": "nvarchar",
            "TipoControl": "",
            "InfoCampo": "",
            "PrimaryKey": false,
            "ControlIndependiente": false,
            "TituloCampo": "Estado",
            "Extras": {},
            "ControlEditable": false,
            "NoNulo": false,
            "Campo": "Estado",
            "AutoIncremental": false,
            "EsFecha": false,
            "ValorCampoPorDefecto": "null"
        }
    ],
    "ColorItemsImpares": -1053719,
    "NombreTabla": "tbl_PROIN_AnalisisTarifasCab",
    "DBMS": "SQLServer",
    "PuertoJRDC": "17200"
}